id,firstName,lastName,email,teamId,departmentId,createdAt,password
515,Donato,McKenzie,Jodie.Kiehn@gmail.com,231,215,2024-10-09 06:04:26.875,qWOQ2kDODlYKwEP
519,Armand,Kunde,Jessyca.Conroy16@yahoo.com,229,212,2024-10-09 06:04:26.876,jERmBLfS9BcR4nB
526,Dandre,Romaguera,Pedro_Homenick@yahoo.com,224,215,2024-10-09 06:04:26.877,DqyAy6gGlM3DUlq
536,Nash,Rempel,Michael52@yahoo.com,231,212,2024-10-09 06:04:26.877,uZUADbHdHSW6oZB
542,Nayeli,VonRueden,Elenor.Swift55@hotmail.com,227,212,2024-10-09 06:04:26.878,n_9_ANCPmUmPT1W
547,D'angelo,Graham,Dominique58@gmail.com,230,213,2024-10-09 06:04:26.878,lay9XdVZgdS1KrM
552,Willie,Waelchi,Janiya_Botsford@gmail.com,230,214,2024-10-09 06:04:26.878,jOs9pdiAJ4EIAaI
561,Thaddeus,Shields,Muriel.Willms@gmail.com,226,211,2024-10-09 06:04:26.878,IrspGTIYg6bJhjr
566,Briana,Grant,Angel_Jaskolski55@gmail.com,230,211,2024-10-09 06:04:26.878,oRVr7YtBYEIOTEu
577,Asa,Fritsch,Rashad82@yahoo.com,231,213,2024-10-09 06:04:26.878,vkzxmULHuyyFKOO
583,Nyah,Jaskolski,Halie50@hotmail.com,227,215,2024-10-09 06:04:26.879,htXUupcZ65Z_XvJ
589,Jasen,Zemlak,Lucinda.Stokes83@gmail.com,231,211,2024-10-09 06:04:26.879,4DG1LZxup3PJl_4
599,Pascale,Hauck,Arno.Grimes61@gmail.com,230,213,2024-10-09 06:04:26.879,cM7K2iSHsVJnp62
605,Glenna,Ruecker,Jackson81@yahoo.com,227,211,2024-10-09 06:04:26.879,ZJ3bdXMgz6o5PBi
609,Lynn,Simonis,Amanda.Bauch4@yahoo.com,228,214,2024-10-09 06:04:26.879,RnajF_htcaoYTu8
614,Carole,Bruen,Alva_Streich@yahoo.com,223,213,2024-10-09 06:04:26.879,BHDr10hv4CBbX1L
620,Milan,Raynor,Carmine99@yahoo.com,223,213,2024-10-09 06:04:26.879,UFy0Z4CxX4MjVyn
627,Carlee,Gutmann,Ardella_Lockman90@yahoo.com,231,214,2024-10-09 06:04:26.879,3Q31LfwN8tZmCCE
633,Dion,Thompson,Roscoe_Paucek@hotmail.com,223,214,2024-10-09 06:04:26.880,HIwqotvtH7NIV8e
641,Damion,Ruecker,Manuel.Ward3@hotmail.com,226,211,2024-10-09 06:04:26.880,yLvdefmovMc8KZ9
645,Brad,Witting,Leila74@yahoo.com,229,214,2024-10-09 06:04:26.880,Wee3TMh8REVT3Hh
650,Pasquale,Kuhic,Reta26@hotmail.com,228,211,2024-10-09 06:04:26.880,0aR1T9rDa6YToU_
657,Patsy,Von,Janie.Stehr@gmail.com,229,215,2024-10-09 06:04:26.880,LWGB8ZJUu7mBrop
661,Americo,Powlowski,Jonathon_Ondricka@yahoo.com,232,212,2024-10-09 06:04:26.880,9ALYZdChs90G3Wl
668,Destinee,Marquardt,Jace_Schimmel52@hotmail.com,223,214,2024-10-09 06:04:26.881,MiwnexqvTsvNn89
676,Brendon,Kiehn,Vanessa_Nikolaus@gmail.com,232,212,2024-10-09 06:04:26.881,yqZ953ZqtmRSAT8
682,Alverta,Lebsack,Harmony.Littel40@gmail.com,230,211,2024-10-09 06:04:26.881,YJWkCvTEOqyuk3q
688,Norma,Beahan,Webster5@hotmail.com,224,211,2024-10-09 06:04:26.881,GGBcQc3zvMSuNlg
698,Bernadine,Friesen,Misael93@yahoo.com,228,213,2024-10-09 06:04:26.882,2fnuqfLYp5pI0C4
511,Kennedi,Strosin,Verdie90@gmail.com,228,214,2024-10-09 06:04:26.874,Q4fuVJf7BHTgxKj
522,Raquel,Streich,Edyth_Quigley@gmail.com,230,211,2024-10-09 06:04:26.877,tbqs4_wXm6sOzvS
528,Blanca,Heidenreich,Warren6@yahoo.com,226,214,2024-10-09 06:04:26.877,MUaiPwJnnPh_w5T
534,Alexandria,Labadie,Nat_Rice@hotmail.com,223,213,2024-10-09 06:04:26.877,h5cD6PzJVsIAXYi
540,Gladyce,Kozey,Milo_Reynolds@gmail.com,230,213,2024-10-09 06:04:26.878,5F7K5etEQxB9cJj
551,Aaliyah,Legros,Hilario.Littel32@gmail.com,228,211,2024-10-09 06:04:26.878,AK4YFjg6__OP4UV
557,Alicia,Erdman-Christiansen,Winfield.Hegmann@yahoo.com,229,212,2024-10-09 06:04:26.878,ce5eqR3kzPTAIz3
565,Armand,Friesen,Syble_Friesen@hotmail.com,226,213,2024-10-09 06:04:26.878,rveadU9t4z8saML
572,Albina,Kunze,Sebastian_Bruen90@hotmail.com,224,212,2024-10-09 06:04:26.878,ERvRJxVkGckqfgJ
578,Lempi,Nader,Sandrine_Kuphal@gmail.com,230,215,2024-10-09 06:04:26.878,YtIMJvihBn1VSlO
586,Polly,Gibson,Miller35@gmail.com,226,214,2024-10-09 06:04:26.879,VDaeXI7tTZSdCcs
592,Chester,Jacobi,Mable.Block@gmail.com,224,214,2024-10-09 06:04:26.879,M5rwEYloRz9vKhO
600,Kayli,Powlowski,Braulio23@yahoo.com,231,215,2024-10-09 06:04:26.879,kNiYKAia916ToCW
604,Maryam,Brakus,Brady98@gmail.com,223,213,2024-10-09 06:04:26.879,xJF5U3hzglb3wSM
611,Wilfredo,Carter,Sylvester_Deckow@hotmail.com,227,215,2024-10-09 06:04:26.879,ATlcQt6w6ZKUULx
616,Ken,Hudson-Bashirian,Maggie_Stark@gmail.com,226,212,2024-10-09 06:04:26.879,LEHpjqxqQsJmPkw
621,Caroline,Muller,Willa83@gmail.com,226,215,2024-10-09 06:04:26.879,vTrM76eecApccAL
625,Stuart,Cummings,Jerome.Nader@hotmail.com,226,211,2024-10-09 06:04:26.879,52Kjgl17AAuKDvA
634,Nora,Christiansen-Kutch,Dawson.Yost@hotmail.com,223,211,2024-10-09 06:04:26.880,uS61m_zKFACI4HG
640,Leon,Breitenberg,Melyna85@gmail.com,229,211,2024-10-09 06:04:26.880,W72ccMtBZbuM2Ao
647,Nicolas,Moore,Jovany_Kertzmann@yahoo.com,229,211,2024-10-09 06:04:26.880,GcU2uda0FUNXPtt
651,Betsy,Braun,Verna.Bernier5@hotmail.com,223,212,2024-10-09 06:04:26.880,sLRo34OJm6gMB3o
656,Nikolas,Kshlerin,Amely20@hotmail.com,230,214,2024-10-09 06:04:26.880,C5HTfPMqCL_l9Fc
662,Cielo,Cartwright,Franco16@yahoo.com,227,213,2024-10-09 06:04:26.880,0L2GSz7AQnxoZd4
670,Beryl,Dibbert,Adelia_Rempel76@gmail.com,228,213,2024-10-09 06:04:26.881,k9T5kcMD6hm8XH1
677,Baby,Carter,Janae_Reichel71@hotmail.com,229,213,2024-10-09 06:04:26.881,4o8dnGwxg0WpjvF
685,Bernita,Runolfsdottir,Polly_Jacobson@yahoo.com,223,213,2024-10-09 06:04:26.881,OfgAshpuXYEygrk
692,Sunny,Brakus,Mariela2@gmail.com,223,215,2024-10-09 06:04:26.882,jK5J6nzPdjVSC6Y
699,Ara,Schoen,Gregorio.Bechtelar@gmail.com,228,213,2024-10-09 06:04:26.881,Y_JOsZ93hytVSTA
513,Linwood,Dickens,Alec_Tillman@gmail.com,224,211,2024-10-09 06:04:26.875,pdOfaYG3BWuVSGp
518,Timothy,McKenzie,Pinkie.Shields@hotmail.com,232,212,2024-10-09 06:04:26.876,MJKXspepVajM1Q9
524,Jamar,Schoen,Jacynthe.Bednar@gmail.com,228,215,2024-10-09 06:04:26.876,ZlWL1YaNHU2n_TM
530,Alayna,Morar,Cecilia_Johns@yahoo.com,223,215,2024-10-09 06:04:26.877,Duox1YvuCerL_5h
535,Naomie,Walker,Ricky.Haley77@hotmail.com,225,212,2024-10-09 06:04:26.877,J7PdYqYxubrlg95
544,Ferne,Beahan,Nolan_Dickens@gmail.com,229,215,2024-10-09 06:04:26.878,mJyYXOEQcqDFMZZ
550,Darian,Olson,Tod.Zemlak@yahoo.com,230,213,2024-10-09 06:04:26.878,CZUkV_yjx4ZEk1T
556,Irving,Hayes,Caesar_Stark@hotmail.com,227,212,2024-10-09 06:04:26.878,hCshcEM8bYRXzFZ
562,Marianne,Reichel-Erdman,Damien_Welch@hotmail.com,225,213,2024-10-09 06:04:26.878,X_2VrL412Pbf3fy
570,Jay,Konopelski,Webster75@gmail.com,230,211,2024-10-09 06:04:26.878,Wjiq5VH3NcFuDIg
575,Sydnie,Kerluke,Zackery_Stroman4@yahoo.com,229,213,2024-10-09 06:04:26.878,dzYTb9Sl881FqLx
585,Mary,Lubowitz,Danial_Graham@hotmail.com,230,215,2024-10-09 06:04:26.879,XfcsbG49D8QTfv8
590,Eryn,Kirlin,Lilly58@yahoo.com,226,214,2024-10-09 06:04:26.879,y3D_F8B3inXlm6h
598,Jermain,Ziemann,Justine61@yahoo.com,228,213,2024-10-09 06:04:26.879,ppE5hQR0hUcOwrd
607,Joelle,Sanford,Adolfo55@gmail.com,224,213,2024-10-09 06:04:26.879,pYsytT7GacXLgPP
615,Ilene,Goodwin,Fletcher.Wehner@gmail.com,230,215,2024-10-09 06:04:26.879,ZCAeh7N8PCah0Em
619,Keith,Zemlak-Weber,Dakota.Satterfield@hotmail.com,225,211,2024-10-09 06:04:26.879,9nP2OKhDzadPzoc
626,Koby,Conroy,Audreanne_Parker62@hotmail.com,228,214,2024-10-09 06:04:26.879,qNgVGPvnO31HNdm
631,Samara,Predovic-Torp,Keaton2@yahoo.com,223,213,2024-10-09 06:04:26.880,liUDlCsV0rNHlQC
639,Kade,Stracke,Juwan.Nolan@gmail.com,229,214,2024-10-09 06:04:26.880,GZ4k_eiuyiMdz5g
646,Cierra,Ebert,Kyra.Rodriguez60@gmail.com,224,212,2024-10-09 06:04:26.880,9oY8jfVqfzm0Mqq
655,Braxton,Kiehn,Ibrahim77@gmail.com,226,212,2024-10-09 06:04:26.880,YIMn58smgT0a1Gf
663,Sheldon,Renner,Felicity86@yahoo.com,227,214,2024-10-09 06:04:26.880,7KnF_XvtG2ldfXK
673,Denis,Effertz,Manuel77@gmail.com,228,212,2024-10-09 06:04:26.881,OuMwCO3ZpXAxUPi
680,Monroe,Willms,Jazmyn89@hotmail.com,224,215,2024-10-09 06:04:26.881,ORKDDsAYI62sCBr
687,Mafalda,Mann,Johnny_Schulist40@yahoo.com,231,214,2024-10-09 06:04:26.881,5pVIb3Mn_CCXZW2
694,Adonis,Yundt,Sasha_Larson58@hotmail.com,225,211,2024-10-09 06:04:26.882,UFrCkalBmgceheO
701,Verla,Gleason,Cristobal46@hotmail.com,230,212,2024-10-09 06:04:26.882,p3kz57gpUgzeN3G
702,Tyrell,Schulist,harshvse@gmail.com,225,211,2024-10-09 06:04:26.892,$2b$10$9z0776OG1HW0MNCPJVbbuuyKYCQM5H0awxgT1C13NYPT3hu8NsxkO
512,Fredrick,Koss,Abdul.Kuhic37@yahoo.com,231,211,2024-10-09 06:04:26.874,LVvnTEzXq_52tcs
523,Jamel,Pouros,Jovanny96@hotmail.com,231,214,2024-10-09 06:04:26.877,HIbSueiR0GwvYq2
532,Kiel,Wisozk,Houston47@hotmail.com,223,212,2024-10-09 06:04:26.877,NjFEBsKZ1NlwiyO
541,Lance,Treutel,Geoffrey13@gmail.com,228,211,2024-10-09 06:04:26.878,ehJ4eJqu5sSpfxG
546,Jesse,Armstrong,Arturo_Collier18@gmail.com,226,215,2024-10-09 06:04:26.878,3NaggGtusOdGbdl
558,Alfredo,Goyette,Marina84@hotmail.com,230,214,2024-10-09 06:04:26.878,v3YhGMrSxwdeunP
564,Keanu,Mosciski,Ashley93@yahoo.com,227,211,2024-10-09 06:04:26.878,REZLw6UuJDXnRGR
571,Shanny,Quigley,Howell_Torp@hotmail.com,230,213,2024-10-09 06:04:26.878,ffKOlQacZFeX3Ux
576,Hilario,Streich,Perry19@gmail.com,224,212,2024-10-09 06:04:26.878,QdFLZ_0uayb5o_1
580,Lottie,Davis,Kenna.Stamm71@hotmail.com,227,211,2024-10-09 06:04:26.879,xPv1GmuC0JZyxy_
587,Madie,Rau,Lee.Heathcote@yahoo.com,223,211,2024-10-09 06:04:26.879,E5ldV9u9E3As3Ux
595,Demetris,Wintheiser,Bryana25@gmail.com,231,214,2024-10-09 06:04:26.879,WQMUT1OOzs5xu4f
603,Abby,Ziemann,Leland_Schowalter-Wintheiser80@hotmail.com,228,212,2024-10-09 06:04:26.879,wR1SDliDjoAVuWP
613,Osbaldo,Bayer,Jessie14@yahoo.com,228,211,2024-10-09 06:04:26.879,7uXQzO3JTcfL373
623,Anna,Mills,Janis.Doyle@gmail.com,231,215,2024-10-09 06:04:26.879,22Mhzhw5k5R3J8N
629,Loma,Heaney,Kylie76@gmail.com,227,215,2024-10-09 06:04:26.880,e3PYEStAjkAbYuw
637,Nora,Price,Mekhi.Gerhold17@yahoo.com,228,212,2024-10-09 06:04:26.880,96XzLIUFKbtlQYt
642,Marguerite,Cormier,Reuben7@hotmail.com,226,212,2024-10-09 06:04:26.880,GVA1t5fOcvzcCyN
648,Noemie,Koepp,Dallin_Zulauf@gmail.com,224,214,2024-10-09 06:04:26.880,4h2DmZtxunRmvma
652,Sophia,Reichel,Lilian_Runte@hotmail.com,230,215,2024-10-09 06:04:26.880,Gm_Vxq6mFrfmZuA
658,Shanel,Hermiston,Adelbert_Baumbach6@gmail.com,231,211,2024-10-09 06:04:26.880,QCpEUxBVzJxwAe2
665,Alexandrine,Wilkinson,Amie_Nicolas@yahoo.com,229,212,2024-10-09 06:04:26.881,apWEIzO82pMi8eD
671,Isaac,Miller,Armando31@yahoo.com,224,212,2024-10-09 06:04:26.881,dGZ53XI06Ntb7Ck
675,Vincenzo,Kihn,Leopold94@hotmail.com,223,214,2024-10-09 06:04:26.881,mjNcrfQHuWxYWwF
681,Hans,Beier,Sydni.Lowe65@yahoo.com,227,211,2024-10-09 06:04:26.881,OD71_31_WdpF6Zf
690,Cecilia,Buckridge,Jakob9@hotmail.com,229,214,2024-10-09 06:04:26.882,ezQxAYpPfMQrejB
695,Caroline,Boehm,Buddy.Wunsch@yahoo.com,224,213,2024-10-09 06:04:26.882,qirR73Z7yaFdeCf
703,Lilliana,Brown,Madisyn_Nitzsche@hotmail.com,224,215,2024-10-09 06:04:26.876,tX7r4yqfdNvmRzU
704,Jaron,Jerde,Elroy_Borer@yahoo.com,223,214,2024-10-09 06:04:26.876,trq7voTFAuixvhQ
705,Arvilla,Hahn,Reyna.Stroman85@gmail.com,229,215,2024-10-09 06:04:26.875,1c_aSbDy9EPui_e
706,Loraine,Zemlak,Berneice43@yahoo.com,225,211,2024-10-09 06:04:26.876,j5g2VcMm3OCqRX8
707,Dennis,Kohler,Kaycee89@yahoo.com,231,211,2024-10-09 06:04:26.876,xPZ2Sk9B09oLKWs
708,Dawn,Ankunding,Mertie61@hotmail.com,232,215,2024-10-09 06:04:26.876,632el7385_80JFL
510,Hillary,Green,Meaghan29@gmail.com,223,211,2024-10-09 06:04:26.875,C5wd5QvkSfzUo5R
516,Nyasia,Crona,Taylor_Hackett52@yahoo.com,223,211,2024-10-09 06:04:26.876,m8a4_P62_8P_Qcf
517,Constantin,Konopelski,Terrell_Okuneva@gmail.com,228,214,2024-10-09 06:04:26.876,lUnlvZUmI7VxDKI
529,Godfrey,Pollich,Constantin.Bailey-Mante45@yahoo.com,223,211,2024-10-09 06:04:26.877,t9AkiOkqXYOgMkP
537,Hipolito,Leuschke,Wilford98@hotmail.com,225,214,2024-10-09 06:04:26.877,ZjqdxLQ7DgYxkR7
543,Crystel,Ankunding,Bridie93@gmail.com,228,214,2024-10-09 06:04:26.878,cBAQD3BPTOLrvlB
548,Salma,Prohaska,Reuben_Harber@yahoo.com,229,211,2024-10-09 06:04:26.878,ga7VjVmXsV93oGo
554,Wilhelm,Turcotte,Sophie0@yahoo.com,227,215,2024-10-09 06:04:26.878,bXijnGymu4lYz_s
563,Heather,Bogisich,Marisa_Prosacco@yahoo.com,229,215,2024-10-09 06:04:26.878,a9fbnYRBAatBOmE
569,Daren,Wisozk,Loren_Dickinson30@yahoo.com,228,211,2024-10-09 06:04:26.878,uXEJ25AGYvBGXhj
574,Orin,Kemmer,Cruz.Prosacco@hotmail.com,225,214,2024-10-09 06:04:26.878,iqb2pUeYlgWBe3S
582,Hollie,Reilly,Charity3@hotmail.com,231,214,2024-10-09 06:04:26.879,nY3HWYoGCnGSpeI
591,Damian,Rodriguez,Katrine_Jakubowski17@hotmail.com,227,213,2024-10-09 06:04:26.879,Jy9WTsKvzbKP17O
597,Robb,Lebsack,Ivy55@hotmail.com,229,213,2024-10-09 06:04:26.879,G16BnovO7tyJCwg
606,Margret,Funk,Ivah.Dickens-Haley@hotmail.com,230,214,2024-10-09 06:04:26.879,uyxj_ejRkZZF_O1
612,Molly,Kshlerin,Adalberto_Hermann65@gmail.com,232,213,2024-10-09 06:04:26.879,edEy3Z8sI_vdkyw
617,Tianna,Bednar,Michaela_Hermiston@yahoo.com,223,212,2024-10-09 06:04:26.879,jswzj6Ce5ZiyR3m
622,Daisha,Hirthe,Jewel10@hotmail.com,229,215,2024-10-09 06:04:26.879,nPAzs9dYJqhwgOz
628,Selmer,Schiller,Esta.Kris@hotmail.com,224,213,2024-10-09 06:04:26.879,JV3yZtaObv4LYMJ
632,Sierra,Schaefer,Ottilie82@yahoo.com,225,213,2024-10-09 06:04:26.880,BZfvB51q9gbVR0S
638,Everett,Walker,Bernice.Green85@hotmail.com,224,213,2024-10-09 06:04:26.880,UFIT86YqmYioNtP
649,Julianne,Smith,Jess46@gmail.com,223,212,2024-10-09 06:04:26.880,Ei5jKLxBBlt62Cv
654,Taya,Aufderhar,George25@yahoo.com,230,211,2024-10-09 06:04:26.880,O0OLQ_4UCdSMpUn
660,Alta,Towne,Jocelyn.Boehm@yahoo.com,225,212,2024-10-09 06:04:26.880,L_vV5AxzY4XvqCH
666,Rafaela,Davis,Claud26@yahoo.com,227,214,2024-10-09 06:04:26.881,f5TE_hxxwLGNQMo
669,Geoffrey,Ziemann,Trever47@hotmail.com,232,215,2024-10-09 06:04:26.881,nHQjorMXwdiLJb4
678,Colleen,Lesch,Leilani_Herman@gmail.com,228,213,2024-10-09 06:04:26.881,US_yrQP1Qfjestx
684,Mackenzie,Lakin,Elizabeth_Ledner91@yahoo.com,225,211,2024-10-09 06:04:26.881,jcpkQIa_iglks2Q
691,Romaine,Reilly,Margot91@hotmail.com,229,215,2024-10-09 06:04:26.882,gPi626QYQUXNYT4
696,Madaline,Legros,Rickey.Beatty@hotmail.com,229,214,2024-10-09 06:04:26.882,uwnECm8zT8F1E2B
509,Asa,Kautzer,Mae23@hotmail.com,226,212,2024-10-09 06:04:26.874,tzuXKzXa2D5okRb
520,Reilly,Watsica,Gabriella_Pfannerstill55@yahoo.com,223,215,2024-10-09 06:04:26.876,HX5AFDu35hGVtgE
525,Vicente,Schmitt-Krajcik,Laisha67@yahoo.com,230,214,2024-10-09 06:04:26.877,O0OTJmaWnltJqAQ
531,Vincent,Rohan,Bria_Murphy@yahoo.com,226,213,2024-10-09 06:04:26.877,TzAGbz8qMTgiZQ9
538,Jevon,Breitenberg,Korey_Keebler@gmail.com,223,213,2024-10-09 06:04:26.878,RBGkUNXh7DjjnuH
545,Torrey,Terry,Timothy.Sauer@yahoo.com,232,215,2024-10-09 06:04:26.878,mM7DVMs7e2Ubeak
553,Ramon,Jaskolski,Janick.Abbott@yahoo.com,228,211,2024-10-09 06:04:26.878,X_iyV39VA6NeLMP
560,Dandre,D'Amore,Henriette_Blick64@yahoo.com,223,215,2024-10-09 06:04:26.878,t6sl5RFHFpcZ9iE
567,Breana,Cruickshank,Ansley53@yahoo.com,226,212,2024-10-09 06:04:26.878,ye_qyCwr6SzUFmW
573,Kimberly,Mohr,Anna94@yahoo.com,229,215,2024-10-09 06:04:26.878,dJ7qDm3_88ZS4HZ
581,Dock,Gleason,Raphael.Runolfsdottir@gmail.com,225,215,2024-10-09 06:04:26.878,FnoCtLhJi300975
593,Tomas,Haley,Emory_Corkery@gmail.com,227,211,2024-10-09 06:04:26.879,Wh2DkYcgrTySzsS
596,Geovanny,Leannon,Ricardo_Kiehn@yahoo.com,229,211,2024-10-09 06:04:26.879,IoS__vsUJACSmYm
602,Leonard,Wolf,Joshua71@yahoo.com,226,211,2024-10-09 06:04:26.879,8ruPXMjnhIUvgLb
608,Brook,Schoen,Carole_Bogisich@yahoo.com,230,213,2024-10-09 06:04:26.879,3NsNlTNRGKwbxMc
618,Vanessa,Lehner,Sandra63@hotmail.com,231,215,2024-10-09 06:04:26.879,Q6dLq2dBjV8W_qI
624,Eunice,Collins,Noelia_Schuppe@gmail.com,230,214,2024-10-09 06:04:26.879,juzXSR2Ku4K4H3E
630,Kristina,Murray,Shawna.Kerluke@hotmail.com,232,212,2024-10-09 06:04:26.880,7wuWMNAk3Ko6MxY
636,Albertha,Barrows,Missouri_Schuster21@gmail.com,226,215,2024-10-09 06:04:26.880,zA_N5VeDQVx_Q9B
643,Julian,Effertz,Regan26@hotmail.com,229,212,2024-10-09 06:04:26.880,5lJPMz1f5XZCDYA
653,Novella,Wisozk,Denis51@gmail.com,226,212,2024-10-09 06:04:26.880,drWsLZSNn2OJD_7
659,Antonietta,Barton,Alexa_Hoppe95@hotmail.com,228,214,2024-10-09 06:04:26.880,tbIyaEDggp6HdNf
664,Marc,Bartell,Ahmad.Smitham@yahoo.com,226,214,2024-10-09 06:04:26.881,0PGKzxIJNCdgZ7c
672,Kylee,Mante,Luis.OHara-Berge@yahoo.com,223,213,2024-10-09 06:04:26.881,1p8mPTZkqrp0Fkc
679,Lori,Will,Zion_Schroeder14@gmail.com,228,213,2024-10-09 06:04:26.881,o1YmlPuByTp09bc
683,Cordelia,Spencer,Marcel_Lang@yahoo.com,230,215,2024-10-09 06:04:26.881,5I1EH3sKRT_NGqK
689,Jackeline,Kihn,Benton3@hotmail.com,230,214,2024-10-09 06:04:26.881,xUGdt5OZYJ9rB0n
700,Willard,Dach,Celia0@hotmail.com,223,211,2024-10-09 06:04:26.882,42gbrwjDsXR0tW5
514,Amalia,Walker,Verlie_Roberts@yahoo.com,224,212,2024-10-09 06:04:26.874,E3MODWcVpcVaGyi
521,Jamil,Nikolaus,Nickolas.Homenick74@yahoo.com,229,214,2024-10-09 06:04:26.876,4X21RUotqorOBDu
527,Isabelle,Kohler,Mason.Nienow@hotmail.com,226,214,2024-10-09 06:04:26.877,1YJ0lNkqwp2_zwu
533,Morgan,Abshire,William_Rolfson@gmail.com,225,213,2024-10-09 06:04:26.877,zrpEJcnruIwd_Ft
539,Francis,Wisozk,Burdette_Fisher53@yahoo.com,231,213,2024-10-09 06:04:26.877,XGkExIhIoU6jF1n
549,Cleveland,Medhurst,Taya.Fisher@yahoo.com,231,215,2024-10-09 06:04:26.878,x54HtN3AgPLwjw2
555,Emile,Marvin,Erwin.OReilly87@gmail.com,224,213,2024-10-09 06:04:26.878,5Uue1DJ9qY5SFJ3
559,Ted,Moore,Brent.Lang@gmail.com,228,211,2024-10-09 06:04:26.878,boBRszaA2FDm0AC
568,Linnie,Parker,Ariane89@yahoo.com,227,215,2024-10-09 06:04:26.878,_1G53jR94oLWdFM
579,Vernie,Medhurst,Abbigail.Davis@gmail.com,223,212,2024-10-09 06:04:26.878,QIQ2NYMJZe8Fghv
584,Lessie,Larkin,Sarai_Medhurst-Schmeler88@yahoo.com,230,214,2024-10-09 06:04:26.879,rYKbyLYYzA5q3Pk
588,Levi,Grady,Savanna35@gmail.com,227,212,2024-10-09 06:04:26.879,TXerkJQv2m3vvcR
594,Jarret,Gleason,Peggie_Bergstrom-MacGyver@hotmail.com,228,212,2024-10-09 06:04:26.879,wjKmGKUA8cNS1Ek
601,Leif,Kiehn,Asha77@hotmail.com,223,214,2024-10-09 06:04:26.879,7U_6uXcKgtNAaPV
610,Ludie,Kub-Morar,Ruth61@yahoo.com,225,213,2024-10-09 06:04:26.879,NbyavsDa5NTeFI6
635,Kaitlyn,Moen,Duncan.Tromp@yahoo.com,228,211,2024-10-09 06:04:26.879,sab__ODfWT4iWw6
644,Savanah,Fritsch,Colin.Kuhlman97@yahoo.com,226,211,2024-10-09 06:04:26.880,1FyenSpVdxnH7qB
667,Jayne,Wolf,Brett_Kihn@hotmail.com,228,212,2024-10-09 06:04:26.881,Li1YN7RG9LQKIxk
674,Aaliyah,Langosh,Michale.Fay@yahoo.com,226,212,2024-10-09 06:04:26.881,a8gvH5Ai86W0KZ9
686,Emery,Predovic,Erling_Kovacek@yahoo.com,227,211,2024-10-09 06:04:26.881,dXbziJaKUtPUSF6
693,Abbey,Padberg,Ericka.Nolan69@gmail.com,232,212,2024-10-09 06:04:26.882,DhapH0Xe7nlHlki
697,Alene,Hodkiewicz,Linnea_Ankunding@hotmail.com,224,214,2024-10-09 06:04:26.882,ryRIQ4fuNlfKzT3
