id,courseId,title,content,orderInCourse,createdAt
318,144,Neural Networks,"Deinde ambitus suffragium perspiciatis eius torrens toties crebro. Adipiscor tergo officia cruciamentum torrens aptus urbanus communis est. Expedita stillicidium balbus virgo voluptatem absorbeo trucido abundans volva.
Animus dedico corrumpo capitulus textus crapula. Atqui tabella defaeco. Cupiditate audacia tristis ulciscor tersus.
Sto vero est paens aranea admoveo talus. Comptus vomica ago adfero depulso crastinus autem comis. Umerus expedita vinitor decor debeo qui theca.

Example:
```
Aro thymum benevolentia coniuratio vos.
Sumo pauper tibi angelus artificiose catena taedium.
Vomer tandem fugiat suscipio cenaculum cultellus conventus tamdiu.
Votum valens tantillus.
Adfectus defessus terga cui ratione tametsi confugo sophismata.
```

Key points:
Totidem eum acquiro ut vester. Timidus bonus argentum candidus cultellus laboriosam caecus dolores vigor. Audio attonbitus acidus stabilis temporibus delectus dolorum conor vinco amplitudo.",5,2024-10-09 06:04:27.256
349,146,Network Protocols,"Decretum abbas adnuo denuo cultellus speculum theca. Denique amplitudo arguo sto tamen succedo tabella bis exercitationem ait. Coruscus coepi argumentum eos uredo cresco ullus amita.
Vito volutabrum thymbra abundans theatrum enim iusto. Talio maxime vilis varius. Cresco curtus ager neque.
Alienus ceno cena vulgo depono casus pel pel color ciminatio. Cerno quam cerno amicitia decet brevis aeger eum perspiciatis porro. Tepidus blandior quo strues solum non avaritia curso.

Example:
```
Aliqua similique comburo cibo suadeo tergiversatio socius adversus abscido.
Creptio defleo acer talus deputo acerbitas vero.
Concido iusto aegrotatio adipiscor vapulus.
Crebro pecco tristis.
Laborum calamitas caput tondeo desparatus calamitas umbra.
```

Key points:
Taedium carcer sursum. Contra alias congregatio strues terra tenetur anser vobis magni. Vitae eligendi solutio tenus aperio alo adopto.",5,2024-10-09 06:04:27.256
358,153,Network Protocols,"Abstergo depono eius velum turba conatus pauci apparatus annus curriculum. Pel corporis annus quibusdam adimpleo decor vos talus. Canonicus voluntarius uterque talio.
Ultio defero aspicio acquiro vicissitudo. Quis pecus apto delectatio ducimus supplanto voluptates terra taceo socius. Casus tibi conicio deinde adhuc ait assumenda aliquid.
Stella accendo succurro tenus vis. Aut apud depulso. Consequuntur ducimus commodo ater.

Example:
```
Aequus tersus absum deduco decipio crustulum spoliatio ventosus ciminatio.
Aequus vociferor corroboro corrupti demo supra aestivus beneficium optio.
Aeternus voluptate corrigo conscendo.
Creo bis abduco vere aedificium delicate vulnero.
Adhaero caveo astrum volutabrum.
```

Key points:
Comprehendo approbo pectus quia assumenda vigilo porro arma deorsum. Color candidus cerno pax. Tenuis constans unde coruscus asporto textilis.",3,2024-10-09 06:04:27.258
314,145,Control Structures,"Solus testimonium vereor super quo certus commodo. Aranea alter ceno adinventitias audentia comes cum attero. Accendo cena urbs cado.
Pel decimus annus verus videlicet surculus. Cupiditas theatrum sum audax tandem ipsam adinventitias accusamus. Viscus optio solium utpote distinctio toties textilis aestas.
Aduro vir ratione tabesco defungo antiquus demulceo. Absum vulnus contigo via tumultus tumultus autus congregatio strues reprehenderit. Harum spoliatio angelus subvenio calamitas soleo.

Example:
```
Adhaero vere usque contabesco nobis nemo tabernus.
Adhuc tabernus patrocinor nulla compono valens cras.
Somnus degenero vivo eius tamquam thorax vinum atqui quas.
Consequatur reiciendis volaticus demo caelestis aeger.
Vallum architecto facilis anser astrum condico degenero stultus talis iste.
```

Key points:
Crebro degero totam adamo cerno candidus degero deputo tonsor. Demitto confido adipisci solutio verus tersus sulum trado cur. Callide alienus calamitas absorbeo tenuis abstergo.",1,2024-10-09 06:04:27.256
321,145,Network Protocols,"Teneo autus dolore accendo pecus tabgo tandem laborum tubineus sint. Armarium volaticus vilitas caute vesica nulla curvo cito auctus. Curvo carcer stipes thalassinus coerceo depono acceptus ambulo.
Utique curtus vilis attollo sui amitto bellum civitas cubicularis. Vester defessus talis pax rem cernuus ustulo eaque surgo considero. Dens repellat sono articulus acerbitas.
Adiuvo ullus vehemens sulum charisma vestrum. Derideo dapifer curso delinquo. Cogo provident cura aggero ante.

Example:
```
Vetus cado tam thalassinus socius admoneo deprecator.
Terror clam tempore ea voluptates ante.
Aut spiculum cauda adicio bellicus sol certus.
Desipio trado odit.
Assumenda universe auctus.
```

Key points:
Ambulo facilis tot cito umbra curiositas adstringo ventus amor deprecator. Adeo tantum deduco terga quasi. Verto aspernatur vulariter pariatur desidero arbor perferendis angustus quas.",2,2024-10-09 06:04:27.256
322,145,Software Development Life Cycle,"Deficio vorago tempore argentum iusto cubicularis aliquam velociter labore. Accusantium aduro cui catena cursus adflicto pariatur. Tabella cultura ambitus asperiores adeptio consequuntur venio.
Tollo esse placeat colo despecto. Alter abundans aeger ipsum candidus patria ver. Deduco auditor bardus deorsum adeo.
Antea conduco doloribus truculenter tutamen ager debilito. Eveniet deficio deprecator traho. Deleo cotidie accendo corona tantillus usitas clam absconditus.

Example:
```
Claudeo sonitus arbor vis admitto.
Comparo benigne synagoga excepturi atque coadunatio theatrum adeptio tero.
Aestas ipsum taceo.
Varius abutor sub aliquid viscus tubineus ducimus.
Tabgo atrocitas defleo articulus adeo nisi.
```

Key points:
Defero calcar cuppedia baiulus. Expedita aqua usitas tero ceno. Corpus thymum volaticus aegrotatio suppellex causa celer sordeo alias.",3,2024-10-09 06:04:27.256
323,145,SQL Queries,"Animus nostrum omnis cena attero sperno unde odit. Apparatus speciosus architecto error perferendis solio auctus asper tremo cicuta. Usitas cunctatio advenio surgo utilis veritatis surgo aestas.
Strenuus modi vacuus vinculum aptus termes vester. Ciminatio clarus voluptatem virtus aufero bis vinitor adipiscor. Ceno bis ademptio vorax amitto aranea tertius eos.
Chirographum hic a ab thymbra consequuntur tenetur versus. Cunctatio corroboro mollitia aliquam defungo cenaculum casso adulatio concido caecus. Brevis tener vorax.

Example:
```
Recusandae tepesco quis atrox crepusculum confero cribro ambulo.
Tempus argentum tollo voluptatum patruus minus vergo.
Usitas ater vestrum.
Astrum unus alo cenaculum admiratio tracto in depromo delectatio.
Surgo victus vitiosus tabella tribuo dapifer.
```

Key points:
Absque sollicito absum ver certe tepidus vorago. Alias aeger comis vicissitudo absque. Arbor debilito vilicus atrocitas nihil.",4,2024-10-09 06:04:27.256
324,145,Memory Management,"Cultellus molestias viridis nostrum demens suus fugit artificiose acsi. Odit agnosco veniam arma terra bestia uterque. Nisi itaque desipio vobis esse accendo patruus cuius.
Defluo tredecim sono. Iure dicta degusto dedico sui aggero stella stultus necessitatibus thorax. Teneo certe reiciendis depraedor incidunt umerus animus confido.
Aestus triduana sumptus succedo corona sonitus. Desipio usque animus atrocitas delicate. Suus amicitia abeo commodi.

Example:
```
Arca conitor ventus aduro accedo tredecim asper.
Consectetur tremo voluntarius termes ceno.
Tener defessus advoco villa aegre autem paens molestias aggredior abbas.
Nemo tempore coerceo agnitio corrigo.
Defetiscor saepe asperiores dicta vinitor claudeo tum temperantia odit.
```

Key points:
Adeptio cubicularis esse vomica. Dolorum crur adfectus ustilo. Maiores agnitio facilis solio auxilium atrocitas vesco tantum derelinquo nesciunt.",5,2024-10-09 06:04:27.256
359,153,Neural Networks,"Coma vulnus casso adhaero vindico tyrannus sustineo. Convoco cupressus celer desipio minus alo expedita acies. Coruscus vere provident.
Volubilis umquam consuasor tabernus urbs calamitas. Demergo absens bis adstringo facere caste tabgo fugit. Deleniti cilicium textilis video viscus civitas ab.
Minus comparo caecus timidus earum campana sufficio praesentium civis claro. Alter tui impedit thesis voluptate tredecim clibanus atavus verumtamen. Cruentus umerus audax considero.

Example:
```
Commodi pel taceo in certus accusantium vilicus clementia despecto.
Subseco volubilis caveo abscido carus fugit ait deprecator speciosus aperiam.
Acceptus asperiores consequuntur terebro.
Abeo considero vis libero tripudio tantillus debitis bardus demergo ab.
Capto chirographum videlicet spoliatio iusto ultra.
```

Key points:
Turpis currus velum tempus non comedo caelum admitto. Aestivus animus voluptatem sub avarus ademptio possimus subvenio vespillo adfero. Eos clibanus vulariter demens minus dedico.",4,2024-10-09 06:04:27.258
319,148,Process Management,"Ipsa suggero corrumpo vulariter adimpleo vado tamisium amplexus. Id aeger thesaurus. Bonus caecus alo centum.
Vito asperiores censura eius succedo bonus reiciendis pecus comitatus aeger. Stipes complectus deputo. Verbera volo dolores tepesco.
Talio amita neque consuasor attonbitus virtus cursus alii vesco. Acies hic confero spargo angulus altus pax. Audentia cohors agnosco solus titulus trans umquam consectetur campana.

Example:
```
Vindico cubo cruentus paens considero eius.
Articulus vacuus clam et utilis.
Crux vinco tergiversatio vomica.
Comparo torrens dapifer.
Perspiciatis vulariter sollers virgo cruentus canis.
```

Key points:
Claustrum cernuus adsuesco coerceo commodi. Compello sapiente utique deduco amo atavus. Accommodo copia despecto territo.",1,2024-10-09 06:04:27.257
326,148,Arrays and Lists,"Vere tero copiose defleo conculco alveus custodia. Arguo absum delicate stultus audax recusandae. Beatus alias thermae.
Talio bellicus beneficium conservo. Aptus uxor tristis viridis colo candidus absum pauper. Quasi carmen delectus.
Templum stillicidium neque ventus. Thesaurus sustineo templum sum at pecco voluptatum numquam cum caput. Triumphus solium conspergo bardus defessus consuasor somnus voluptas pariatur.

Example:
```
Solio atrox coniecto cursim aeneus avaritia ratione trucido carcer decumbo.
Trado aspernatur aggredior delectus cunae ulterius.
Advoco tero deprimo alter decor cubo terreo acer esse voluptatum.
Ullam arcus ullus ver custodia auctus cubo occaecati.
Civis vis fuga.
```

Key points:
Excepturi considero averto caelestis abduco colligo spero supplanto praesentium. Acies cariosus deinde contego. Adopto crapula voluptatum antea clibanus adnuo confero.",2,2024-10-09 06:04:27.257
327,148,Sorting Algorithms,"Utor territo curto a vergo. Tepesco solium vinco. Ventito ex sub culpa usus usitas vigilo vinitor adipiscor pax.
Cunctatio validus temeritas tyrannus arto auctor utrimque arca consequuntur virga. Vinco numquam acer. Adimpleo caritas decretum causa toties bestia.
Perspiciatis aspernatur confido amet soleo. Casso aestus ustulo astrum. Volaticus terebro ter agnosco capto caute cum capillus cimentarius.

Example:
```
Amoveo arguo trucido talus hic cicuta appono stabilis tristis volutabrum.
Exercitationem caelestis sophismata amplus sumo clementia allatus fugit.
Speciosus bellicus accendo ipsa sonitus officia coadunatio sordeo suppono.
Defessus cohaero unus teres terror tamdiu angulus decipio stultus aestus.
Carmen super libero.
```

Key points:
Cognatus tamisium trucido usitas tres cultura defetiscor. Vere auxilium celebrer acer victoria decens vinum. Ipsa ara varietas conscendo explicabo ars triumphus.",3,2024-10-09 06:04:27.257
328,148,Arrays and Lists,"Amplitudo aggredior comparo. Sono accedo veniam curvo strues. Terga caritas laboriosam.
Beatus aspernatur tergiversatio. Ipsum libero subnecto. Cupressus tam cum cognomen supellex summopere corroboro amplitudo quos corrumpo.
At approbo autus adaugeo avaritia officiis cedo aqua. Tepidus blandior vinitor sursum. Tabella vociferor abutor.

Example:
```
Beatae amita statim.
Benevolentia alienus vallum ancilla cruciamentum coniuratio desino acerbitas deporto cohors.
Ara advenio clam.
Cornu calco arbustum nulla amiculum aedificium spero.
Ater cohors terreo aperiam.
```

Key points:
Accedo credo cattus aegrus cubicularis auctor distinctio claro volubilis abscido. Advoco cur desino carbo adimpleo avaritia deleniti aurum. Curiositas abbas ver utor tactus copiose constans apto sonitus capto.",4,2024-10-09 06:04:27.257
329,148,Graph Algorithms,"Tendo creta ultra. Avarus tergum facilis. Sto auctor decet tamdiu tactus terra conicio.
Video desipio curso creptio varietas utrimque colligo adipisci vigor pax. Studio denuo omnis doloribus vetus carcer subvenio suggero a. Aegre officiis decipio cibus.
Catena bestia cupiditate viriliter. Thymum ventito depromo conscendo. Ex admitto casso armarium deludo.

Example:
```
Ocer suggero tergeo creptio tot sed.
Cura vicissitudo aeneus pecco universe vilicus dedecor aufero.
Territo speciosus abundans.
Copia cerno utrimque.
Varius teneo campana.
```

Key points:
Tui placeat cubitum amo. Aro ver ab. Aggero defluo ab aveho libero cuppedia.",5,2024-10-09 06:04:27.257
351,155,Object-Oriented Programming,"Cotidie assumenda attonbitus expedita. Amplexus curiositas vehemens vorax carbo studio necessitatibus. Urbanus umquam dolorem angulus beatus combibo sui adsidue aegre succurro.
Odit appono nemo tricesimus conforto tumultus cur curo. Consequuntur abutor adamo auctus tyrannus. Argumentum contigo nobis vetus decor.
Vicissitudo ustulo ipsam apud cinis apostolus ullus. Velum corroboro angelus terga vacuus. Casus truculenter vergo amitto cornu tardus curriculum.

Example:
```
Casso amoveo tui amissio utroque distinctio facere claro decor.
Verbera conspergo solum velut solum deputo vivo.
Tenetur alius terminatio valens valetudo adeptio minima.
Tabella abstergo depereo corrigo communis conicio absorbeo.
Sunt validus aut culpa odio.
```

Key points:
Architecto delectatio amaritudo ut urbanus cunae degenero. Conduco desidero tunc calco. Tardus perspiciatis soluta cervus.",1,2024-10-09 06:04:27.258
361,156,JavaScript Basics,"Ustilo titulus cibus taedium aperte videlicet. Tempus supplanto quia tristis confero. Molestias vilitas tollo ratione astrum suffoco succedo.
Utor torqueo umerus vilitas tracto deprimo vestrum benigne nam cariosus. Vilicus utilis cognomen. Odio aro pauci coma supplanto cinis fugit solum vicissitudo incidunt.
Theca volva tenax. Valetudo impedit cado spes stipes. Vel tamen tibi universe depraedor bibo.

Example:
```
Coaegresco velit canonicus atqui vado caste compono.
Sumo cui abutor deinde.
Impedit speculum tricesimus infit uxor.
Tabesco arma accusamus tam vergo paens studio.
Denuo supellex toties umbra.
```

Key points:
Venia copia adamo. Doloribus cavus maxime crustulum conqueror thymum adiuvo degero. Tutis arcesso sapiente usque cruentus ater sustineo.",1,2024-10-09 06:04:27.258
320,152,Design Patterns,"Derelinquo verecundia crastinus aranea barba depereo verbera audio cohors. Vinco doloribus volva delectus aequitas sub colligo vaco super atrocitas. Vitium audentia caste laboriosam.
Capillus vado suspendo libero aliqua demonstro tardus calamitas depopulo. Suffragium volubilis territo occaecati thorax natus territo assumenda. Apostolus cupiditate sollers bellicus stultus virga.
Sordeo amet cursim vivo. Aegre attonbitus casus. Tonsor adimpleo aduro denego uredo ante soleo.

Example:
```
Avaritia cinis constans succurro socius ut decipio soleo adulescens.
Porro viduo at ambitus.
Ipsam decerno aperio caput damnatio.
Coaegresco delibero quam demitto alii quia nam.
A cogito denego deficio odio circumvenio utrum bis certe.
```

Key points:
Animus vulgivagus admitto thymbra. Aptus aetas vita. Arbitro creptio demoror.",1,2024-10-09 06:04:27.257
331,152,Design Patterns,"Repellat provident vivo. Absconditus amo similique temeritas clamo appositus perferendis auditor ver defungo. Creo absque contabesco trucido depulso officia ambulo ventito desolo blandior.
Cresco repellat audentia. Tutis cito alias. Decens solutio tonsor caelum.
Solio ante tergeo annus decretum terreo. Adversus aurum maiores urbs collum adsum abbas. Sum cernuus eum debeo blandior cariosus infit circumvenio curia.

Example:
```
Valeo eum totus testimonium aut tero contra praesentium aegrus.
Tenetur autem ulciscor.
Ara tenetur sustineo.
Expedita absens nesciunt undique repellat exercitationem suscipio officiis.
Suadeo spes benevolentia demergo est aureus.
```

Key points:
Amo totus officia tabgo spero cogito corpus vesper creo. Utique absorbeo argentum amitto corpus admoneo. Stabilis aetas dapifer terminatio astrum.",2,2024-10-09 06:04:27.257
332,152,Supervised Learning,"Deprimo libero utilis amoveo quisquam vaco theatrum aedificium. Alius copiose quaerat cumque pauper adulatio umerus aliquam verbum. Adduco acidus antepono accusator tenuis accusamus delicate tantillus attonbitus.
Verbera umquam canonicus agnosco adfero. Ocer vergo apto vulgivagus. Curis ipsa volup vereor tricesimus aptus carus demonstro atrocitas volaticus.
Adulatio dedecor victoria aranea celebrer illo tum soleo amoveo. Tumultus cursim totidem totus molestias talus cultura. Vivo natus crur aiunt careo arma cotidie.

Example:
```
Tametsi caritas defaeco animus demum amoveo consectetur.
Possimus ultra degusto ago temporibus.
Comes sui cariosus.
Apostolus adstringo certe suscipio denego tyrannus adulatio.
Eius temporibus clibanus timor ancilla voluntarius sequi.
```

Key points:
Inflammatio defungo angustus torrens. Careo qui venustas cornu excepturi. Cicuta adipisci vindico virga apto communis consuasor xiphias.",3,2024-10-09 06:04:27.257
333,152,Neural Networks,"Denuncio sint praesentium. Tribuo totam vestrum utrimque audentia validus. Vivo vulnus conspergo.
Quidem animi vado coniuratio solum abscido tabella theologus culpa. Supra demonstro sui curia temperantia cura adinventitias beatae civitas tero. Canto corporis communis decens tui et thermae una summisse textus.
Summa cotidie vita virgo pax. Depromo demoror vomer. Socius agnitio artificiose.

Example:
```
Antiquus consequatur tactus amo deporto.
Aveho stella trans sopor suus spargo spectaculum videlicet.
Compello triduana cognomen.
Corrigo tametsi comparo vesco benevolentia.
Capitulus delectus eius.
```

Key points:
Curis curto statim abscido aestivus aveho clam vomito. Tollo catena accusantium. Videlicet eius dapifer vallum sopor utilis succurro calculus coaegresco delibero.",4,2024-10-09 06:04:27.257
334,152,Authentication Methods,"Sufficio quas unde. Quaerat vestrum strenuus appositus atrocitas. Tepesco tepidus damno bene tres depono.
Adaugeo vigilo verbera aliqua urbanus ter varietas. Caute amplus contego. Sufficio suadeo adduco absorbeo atqui aggredior tum vomer tam ago.
Confido creber cavus volubilis. Vitiosus ventosus contabesco chirographum alii clamo claro absens conforto. Ambulo spargo defero suscipio creptio.

Example:
```
Turpis voluptas cursim.
Derelinquo vestigium argumentum supellex anser decet.
Suffragium sperno tero provident eum patria.
Super sumo aureus apto adversus.
Totidem bene peccatus ab testimonium officiis comitatus doloremque alioqui.
```

Key points:
Exercitationem vesper capitulus conturbo cursus accusamus sequi totidem soluta. Ultra cupio impedit. Tabula voluptate approbo canis suscipit.",5,2024-10-09 06:04:27.257
353,155,Unsupervised Learning,"Vestrum studio assentator distinctio conservo taceo cur cometes surculus thesis. Sperno tutamen vere. Depopulo trucido unus decumbo sollicito pauper quos audax cur copia.
Tutis tolero vigor amissio bellicus desipio tamquam commodo. Angelus umbra stipes ex velociter vulgo carpo aduro amo. Porro cornu stipes defungo confero tredecim ventosus.
Ascit tondeo vesco dedico soluta commemoro urbs voluptatibus. Beneficium creber amoveo quidem tum aqua thalassinus cogito magnam calcar. Distinctio unde compono nobis traho cibo vis suppellex.

Example:
```
Pectus ratione advoco excepturi abscido atavus conitor uxor spargo.
Ait corrupti blandior eius accommodo cena.
Aliqua agnosco pectus capitulus aestas colligo adsidue vitae.
At denego peccatus advoco defleo annus.
Nam adaugeo audentia dolorem vulgaris alter.
```

Key points:
Cunae cauda volo capillus ut undique arbustum adhuc temptatio aspernatur. Absque delicate desino vociferor aiunt amo triduana. Agnitio amiculum vulgo aeternus tibi concido consuasor tollo.",2,2024-10-09 06:04:27.258
354,155,Design Patterns,"Deserunt callide ocer tardus cunabula. Aestivus sperno conqueror et saepe conqueror autem tertius cunabula cursus. Alter nihil vulariter comitatus altus vergo uredo talio arma.
Tristis vallum carmen deprecator uxor sperno at quod. Sopor quam crepusculum usque curis cupiditate cinis. Virtus soluta copiose volo.
Ascisco ago curiositas cena. Alii tyrannus comedo vox volutabrum tardus. Tremo vulgaris conforto concedo unus aveho vivo coaegresco aiunt decipio.

Example:
```
Abstergo defluo thorax bene non tepesco surculus adicio tendo cohibeo.
Victus colligo conspergo astrum copia tergiversatio arx.
Bis pauci tres animi conor aliquam triduana.
Ratione depraedor perspiciatis corpus tersus vel depromo talio basium bibo.
Conscendo amiculum causa vinitor eaque.
```

Key points:
Aequus adnuo eos convoco curto aequus ea caute antea. Allatus venustas tempus sperno accedo curatio vesper. Conforto vitium pecto stipes viduo atavus vero.",3,2024-10-09 06:04:27.258
355,155,Arrays and Lists,"Aspernatur ambulo rerum aspernatur cornu facere supplanto delego conatus. Ustilo compono tabgo votum alienus soleo conor vere careo. Cariosus adulescens pariatur adhuc bellum tandem dolores.
Contego carcer ullam apud thymbra accusator torqueo asperiores conqueror. Vestigium accedo adhaero iure tempora volva vestrum suggero. Demulceo capio audax.
Temperantia velociter currus earum id desipio coma umquam. Vulpes civis ultra coniuratio vulpes vel. Desparatus adflicto creptio chirographum ciminatio defessus vitiosus velut.

Example:
```
Illum comprehendo doloribus varius dicta.
Cometes umquam tactus spargo amor tametsi delibero.
Curriculum ascisco benevolentia claustrum cursus.
Ubi cinis angulus correptius laudantium pax derelinquo carpo succurro.
Termes vulariter taedium verbum conor virtus vicissitudo tollo crur.
```

Key points:
Iure nesciunt quos quod statua caterva aufero complectus accommodo. Calculus speculum admiratio timor suus. Absconditus vestrum demonstro tabernus utor clibanus.",4,2024-10-09 06:04:27.258
356,155,JavaScript Basics,"Temeritas comburo creta placeat cado defleo adimpleo acceptus advoco creo. Caecus abbas clementia. Clam perspiciatis decet libero derideo facilis depraedor suspendo creptio tabella.
Clibanus culpa quisquam terreo tener apparatus turbo. Maxime varietas suffragium talis cunabula odit nobis. Assumenda cuius curriculum bene ars vinitor utique.
Accommodo arma suscipio vinitor. Solutio advoco deprecator ea. Vero tristis error adsuesco angulus ocer.

Example:
```
Bene vestrum testimonium arx spoliatio adicio cito optio suggero conatus.
Tamdiu cilicium vester templum thalassinus toties amitto cilicium.
Certus tui versus coadunatio vapulus repudiandae patior canis tamisium in.
Assumenda cum illum derelinquo.
Crepusculum animadverto aqua demo caelum derideo cubicularis solum totidem.
```

Key points:
Tametsi vos umbra balbus tendo umquam claro cunabula acsi. Sufficio verus claustrum sum distinctio carpo deduco. Desparatus verecundia consectetur absorbeo tendo somnus adeo comminor similique urbs.",5,2024-10-09 06:04:27.258
325,150,Arrays and Lists,"Demulceo campana sulum aspicio voco adduco subseco paulatim. Pariatur corrigo argumentum velut utrimque admoneo appositus coniecto nulla vae. Truculenter timor causa aiunt vitiosus ater degenero sursum.
Aeneus brevis bestia contabesco denuncio bibo aeternus crapula creo cilicium. Concedo aspicio arbitro. Tempora aro utilis voluptas bonus quis corrigo adsum valens armarium.
Tertius tutamen doloribus cognomen beatae clamo. Fuga capio terga blanditiis suscipio appello candidus adfectus suggero. Nisi derelinquo corporis aurum.

Example:
```
Animi angustus venia aeternus.
Ustulo arceo accusantium atqui tepesco cunae bardus volup.
Pel comprehendo avaritia amplus.
Denego volubilis caries.
Trepide est voluntarius eligendi cubitum trucido thesis.
```

Key points:
Cotidie timidus carbo approbo calculus attonbitus amplexus. Adulescens suscipit crustulum pel abbas cauda subiungo. Aufero ratione arbitro addo dolorum sol bos.",1,2024-10-09 06:04:27.258
336,150,JavaScript Basics,"Ascit aegre strues somniculosus demonstro vindico ter tamisium debilito decumbo. Cunabula minima adfectus theatrum compello autem cogito decimus amplus. Terebro aegrus amitto corroboro decretum.
Adaugeo corona voluptatum explicabo uredo. Dolorem cura defungo ver verbum contego universe desolo cur. Cuppedia coma vox terga delectatio trado deprimo.
Summisse absque vereor. Careo perferendis verto adduco corporis tepidus audentia modi aegre. Crastinus tamdiu adinventitias aveho acidus apto.

Example:
```
Debilito adulescens versus beatus deprecator tametsi suffragium capto tamdiu copia.
Spes stillicidium vigilo debilito ait ascit.
Accommodo tendo umquam vacuus tabernus blanditiis trado.
Suffoco molestias denuncio.
Aiunt ater sustineo comminor subseco subseco stella apud aranea.
```

Key points:
Conturbo derideo cubitum cuius cena decens. Auxilium corrumpo vinculum atque approbo. Cilicium toties adstringo.",2,2024-10-09 06:04:27.258
337,150,Functions and Methods,"Depromo comminor vallum adeo. Illo cena vitium decerno. Solum laboriosam ultra voluptates thorax apostolus.
Verus vitiosus tamen cornu adicio clam congregatio. Votum defetiscor pel vigor cura patior tondeo cogito casso. Vaco dens caute temporibus.
Vacuus vacuus blandior tantum volaticus confugo. Accusator clibanus adicio occaecati cubitum. Hic totam harum cursus cupressus inventore quaerat.

Example:
```
Dolor alioqui voluptates terreo tertius.
Subseco attollo confugo.
Et tonsor voco caelum conspergo una amplitudo degenero vicissitudo suus.
Bonus alius tenax amplitudo arceo suasoria vomito vulgivagus.
Aduro ultra sordeo absorbeo certus compono vulgo suus thymum placeat.
```

Key points:
Tamquam despecto aranea conicio aeneus super territo conturbo curto. Cogo conatus argumentum sonitus deinde trepide ager contra tepesco. Conqueror aggredior accedo atrox turba deputo defessus vitium alii cubo.",3,2024-10-09 06:04:27.258
338,150,JavaScript Basics,"Tonsor cito acervus succedo incidunt ustulo amita solitudo. Arca aegrus antiquus error tredecim absum. Textus cunae provident vilicus universe ater cras adipiscor alii turpis.
Volaticus adeo thymum nihil consequuntur nobis sumptus. Crinis consequuntur atrocitas conqueror fugiat rem impedit. Arbustum pauper tutamen depromo coadunatio cibus aeneus clam degero.
Apud adicio provident cauda vesica speciosus alius. Crur benigne torqueo uter. Trado copia aegrotatio cogo cogo amissio depereo ventito sperno.

Example:
```
Quos reprehenderit concido cinis cubo talus conduco.
Amplitudo optio vinitor tergo.
Talus cenaculum averto audacia supra vociferor vindico supplanto tum adsum.
Cervus civis tutamen perspiciatis stips.
Quo tamquam quisquam sui venustas cogito cervus deficio crudelis.
```

Key points:
Sufficio tergeo capitulus rerum. Spes consuasor adfero pauper praesentium xiphias valeo eum decretum. Velit aiunt optio delectus totidem.",4,2024-10-09 06:04:27.258
339,150,Object-Oriented Programming,"Volaticus stella ambulo strues. Adfectus aestivus repudiandae. Cimentarius sui vere.
Aetas commemoro vitiosus consuasor adulatio creptio viduo dolorum conatus. Sordeo debitis utilis soluta demitto adicio. Texo suscipit ambulo coruscus vinitor antiquus cattus cilicium umquam vilis.
Sed subnecto concido ager ambitus absens. Tumultus arx vado sto clementia triduana aliquam aveho. Subnecto ara ventosus capitulus thorax celer officia amissio curso impedit.

Example:
```
Cunabula voluntarius cura.
Cunabula tantum atqui decretum.
Pauci ver volup a vito enim non clarus atrox suggero.
Pauper spes cumque.
Patria vallum depono cometes cerno terminatio ulciscor calamitas cupressus timor.
```

Key points:
Anser stipes curiositas aufero agnitio adficio ventito abscido. Summisse omnis aestus vito tracto uterque. Auditor victoria sed audeo canonicus earum velociter patria.",5,2024-10-09 06:04:27.258
357,153,Design Patterns,"Theca collum compello eos substantia clibanus ars vir tactus. Vociferor sui aequus. Cursus molestias tempore confero terga.
Conduco officia audio curto ex atqui. Vulariter ascit tener ullus modi atrocitas suus. Molestiae deludo eum tero denuo tempora tripudio.
Uxor omnis tantum adeptio amissio maxime dens atque timidus articulus. Eligendi tutis toties decerno demitto. Civitas tantillus cresco vobis virtus cubicularis.

Example:
```
Tenax totus voluptatum earum dedico desparatus.
Abscido campana cultellus.
Deduco cui turpis atqui cribro in patria terra.
Reiciendis sto arma beatus ascisco depereo caute audacia conventus candidus.
Vester ait deporto cornu celebrer virtus caterva quis.
```

Key points:
Deorsum ancilla corona amicitia consequatur terror tunc. Sumo venia dignissimos suggero audacia suggero. Celo vulnero cunae arca tyrannus.",2,2024-10-09 06:04:27.258
330,154,Unsupervised Learning,"Conventus deputo spero. Veritatis ratione bene cupio. Deserunt solio ademptio absconditus thymbra.
Termes suffragium spes cui odio cerno crudelis aeneus quae. Virtus somniculosus nam. Recusandae dens umquam confido.
Perferendis degenero debilito vinitor thema depereo centum animadverto vulgaris. Temeritas basium curtus condico. Quaerat cotidie turbo.

Example:
```
Sequi baiulus tabula.
Pel talio clementia comminor constans cauda rerum torrens.
Sodalitas somnus bos acidus varius fugit.
Sequi amplus versus canis ceno mollitia adversus arcus angustus contra.
Desparatus amplus adsuesco texo aegrotatio baiulus calamitas.
```

Key points:
Comburo vulnero defaeco ad validus abbas ultra cogo tenetur. Provident arca terminatio. Approbo tamisium dolor barba voluptas termes cubicularis advoco.",1,2024-10-09 06:04:27.257
335,146,Object-Oriented Programming,"Canonicus angulus utilis. Facere utrimque demitto quis advoco cruentus depraedor armarium contra inflammatio. Balbus capillus cattus credo ciminatio auditor adulescens adficio theca.
Abundans urbanus cogito. Coma suspendo sustineo. Thermae debitis traho.
Facere tergiversatio summisse adsum. Thesaurus cervus totus cerno speciosus cupio tabula cibus fugit. Deserunt modi quisquam aer calcar ipsa.

Example:
```
Bardus thalassinus pectus adaugeo circumvenio distinctio excepturi.
Mollitia amoveo adaugeo illo dedecor crepusculum adimpleo comprehendo aestas conscendo.
Sollers testimonium conforto aggredior consuasor.
Certus paulatim commemoro sopor degusto verumtamen stella tumultus.
Aegrotatio commodi umerus sto civitas.
```

Key points:
Demergo stillicidium cernuus textor audax aeneus apostolus nemo. Molestias adnuo uxor provident est creptio sulum claustrum talus. Commemoro quis copia asporto non paulatim studio veritas adsidue.",1,2024-10-09 06:04:27.256
341,154,Sorting Algorithms,"Vilicus videlicet contra. Et studio agnosco laboriosam derelinquo vulticulus. Caput suscipit certus admoneo cernuus.
Delibero claro tolero tendo. Tollo comitatus ter aurum vulnus artificiose nesciunt. Aeneus dedico thorax ea cura.
Vaco reprehenderit ambulo. Varius supellex decimus necessitatibus tyrannus sulum xiphias quia verbera. Vulpes capto trado bellum administratio correptius confugo ullam.

Example:
```
Amiculum veniam iste.
Allatus temperantia complectus utpote copia combibo quaerat audax claustrum.
Depromo laboriosam temptatio colligo.
Aut pecco ambulo deinde tersus acidus.
Cetera argentum porro ante amo antepono.
```

Key points:
Ex cibus auditor versus tego vestrum. Copia confero vel vindico speculum atqui demum quam. Molestiae aeger inventore.",2,2024-10-09 06:04:27.257
342,154,Sorting Algorithms,"Torrens vomito coma. Recusandae compello vesica absens repellat terra damnatio. Ullus allatus voluptates derelinquo.
Maxime corpus esse cultura. Varietas articulus eos comminor calculus defungo dolorem amoveo turpis commodi. Venia dapifer cruentus cumque perferendis cubicularis comprehendo fugiat.
Vilicus crux victoria ustilo. Textilis tristis asperiores deripio terga spes tres curiositas cultellus depraedor. Vilis rerum ventus vobis corrupti amitto adeptio blandior.

Example:
```
Catena adhaero consuasor viridis.
Copia delicate celebrer adhuc.
Tracto umquam curia corrigo paulatim cernuus vester.
Ut cerno brevis.
Circumvenio colligo adflicto hic tener bibo sit.
```

Key points:
Sollers textilis depono ter claro sulum voluptatum corrigo. Cotidie abstergo antea. Spiculum illum arcus suscipio benevolentia debeo.",3,2024-10-09 06:04:27.257
343,154,SQL Queries,"Reprehenderit infit abstergo earum cruentus vindico. Vobis adversus ancilla tempora aufero cubicularis consectetur vulticulus deorsum verbera. Tondeo somniculosus adstringo sui sophismata alo decipio.
Vulgaris vergo amaritudo viscus cohibeo tot sint currus artificiose. Universe coerceo tempus depereo comparo suffragium. Adfero valeo admitto calco solio uter crudelis strenuus.
Corrigo laudantium votum appono. Comptus vitiosus cometes casso tamdiu bibo conturbo desipio. Sollicito placeat coniecto terga contabesco.

Example:
```
Claro peccatus solvo suscipit celo.
Vester amet sol solum.
Subvenio quisquam trepide traho.
Doloremque repellendus advenio repellendus angelus solio.
Eum solitudo cohibeo.
```

Key points:
Velit aperiam cunabula. Terror totidem repudiandae trepide. Audeo optio vitae umerus conitor commodi contra.",4,2024-10-09 06:04:27.257
344,154,Encryption Techniques,"Turbo dolor surgo bellum depereo complectus. Sunt vilicus clarus ab delego patior aliquam comptus voluptate. Praesentium infit error odit astrum.
Angelus velut tero calamitas causa. Ustilo vestigium compello aestas demonstro. Velut texo stella sodalitas turba vestigium totidem urbanus cometes.
Bibo vulnero cultellus verbera vester. Compono crur aequus stella. Certe amicitia harum.

Example:
```
Ocer officia sustineo audax auxilium.
Terra aliquid varius.
Hic angustus vae officia venio.
Validus fugit convoco auctor vicinus ancilla.
Debeo cibus curiositas.
```

Key points:
Voluptates tricesimus admitto terga earum sint denuo certus maiores deficio. Depono culpa canis vinitor. Atque apparatus antea verus virtus acidus corpus velum verto adinventitias.",5,2024-10-09 06:04:27.257
340,153,Arrays and Lists,"Deduco ulciscor compono consequatur creptio totam civis conturbo verto. Condico quia tergum alias vulnero artificiose cibo denuncio venustas. Defendo confugo inventore bonus adipisci dens vorago basium denique.
Nostrum curso usus decor laborum cado. Amplitudo vomica cerno trucido aequitas voluptatem colo voluptates defero cubitum. Angelus utroque tibi crinis temeritas magnam crustulum suffragium.
Aperiam ars sum tondeo bellum tabella. Subito arcus talis appello deleniti curtus vinum creptio. Autus unde labore.

Example:
```
Curvo careo censura.
Utroque conforto vomica succedo aveho triumphus pel canto textor.
Strues suscipio absconditus curtus exercitationem ullus aliquid tenus doloribus et.
Depulso vox aurum.
Concido casus vitium abutor circumvenio thalassinus sonitus cenaculum.
```

Key points:
Curvo sollicito veritatis texo celebrer admitto considero. Patior tondeo aiunt volaticus quidem conitor animus carus. Vulgus condico sint degusto voveo confero laboriosam aequitas sublime pecus.",1,2024-10-09 06:04:27.258
346,146,Neural Networks,"Adfero certus ocer amicitia abundans demulceo cras. Ter confugo alius molestias conduco tolero. Dicta bibo cunabula error catena tepesco adopto.
Capillus terebro ago pauci bos abstergo concedo capitulus arguo similique. Asper victoria ipsam apparatus eligendi. Coruscus validus umquam itaque talis bonus.
A quia theca cogito combibo odio. Bellicus tam desparatus comburo. Advenio odio aegre.

Example:
```
Tres carus clarus corroboro conicio caelum facilis.
Angulus balbus aspicio audentia currus animus dolores vere vester.
Velociter sortitus aspernatur suppono caput corrupti.
Torrens thema ipsam nam conventus sollicito autem custodia ventito.
Subseco stipes animadverto.
```

Key points:
Eligendi venustas ulterius itaque. Amplitudo sunt taedium minima contra. Antea votum tutamen assentator defendo.",2,2024-10-09 06:04:27.256
308,143,Functions and Methods,"Cuppedia quia verus abutor volo expedita repellendus valetudo ago arca. Facere contego admoveo. Accendo animi videlicet atqui tui reiciendis varietas et caput.
Thymbra damno arbor arma demens omnis. Corroboro spectaculum ustilo suspendo vacuus beneficium suscipio tutamen acquiro pariatur. Verbum spiritus triduana tenetur demergo trepide accommodo.
Minus acceptus nesciunt verus sit maxime conforto utilis tempore cinis. Arto nesciunt textor amor cotidie cubitum ad turbo. Crudelis et vita volup apud copia adsidue.

Example:
```
Vis delinquo neque talus.
Soleo atrox verumtamen velit bellum titulus colo una certus.
Attonbitus colligo pecco pauper atrox statim celebrer beatus cena atavus.
Sed absorbeo curatio casus tertius degenero textilis talis.
Conqueror eligendi cetera torqueo caritas consectetur caterva talus color.
```

Key points:
Verbum decerno magni. Ter accusamus laudantium beatus. Spectaculum tam crapula succurro ambulo convoco tener.",1,2024-10-09 06:04:27.258
310,143,Sorting Algorithms,"Censura demoror arbustum sopor via aestivus decerno est amoveo sequi. Aveho reprehenderit velum tempora amoveo creptio. Tabula stultus alo appono magnam curo vergo viriliter.
Cerno cuius umquam. Pecco vulnero curatio itaque subvenio charisma. Talio caecus debilito caelestis.
Taceo theatrum autus admitto cresco alii. Convoco fugit brevis desidero maxime. Traho nihil deludo creta spiritus aliquid.

Example:
```
Alter a subnecto atavus tabesco appono cervus caelum aptus.
Totam voluptatibus tactus amplexus acsi tabella cervus.
Sum totidem explicabo abutor utroque tepidus.
Textus suffoco triduana tum.
Dolores itaque tandem clibanus unde dapifer delinquo cupressus.
```

Key points:
Solus defluo peior. Attollo tolero decipio aqua tardus amplexus valde depopulo delinquo. Aperte adaugeo tui eveniet aequitas trans.",2,2024-10-09 06:04:27.258
311,143,Functions and Methods,"Cruciamentum apparatus derideo sollers laborum. Sperno tremo aequitas. Causa quo conventus tremo centum termes.
Nulla arx valetudo. Suasoria acsi ventosus delego virgo aeger. Nisi aegrotatio viridis cena pecus crapula vindico.
Suadeo tendo congregatio delectus assumenda vitium vulticulus virtus. Convoco antepono veniam terreo. Vulnero expedita verto adipisci corroboro tergeo.

Example:
```
Dens aiunt campana spiculum molestias curso.
Acervus illum spiritus illo degusto.
Benevolentia denuncio dedecor peior nesciunt vorago.
Accusator quia cras vitae depraedor.
Cometes ager unde averto ullus excepturi.
```

Key points:
Contego ultra adicio nemo vigor sunt. Blanditiis ipsam venio ventito cruciamentum unde tui at admoveo. Testimonium cariosus ipsum uredo incidunt cilicium vesco ver cohaero callide.",3,2024-10-09 06:04:27.258
312,143,Unsupervised Learning,"Dedico defleo suppellex alias. Deputo doloremque caecus attollo celo unde arbitro deludo dolorem theca. Umbra sponte ipsum.
Usque adsidue accommodo thymum triumphus tantillus minus. Velut tumultus animadverto ter decipio suadeo currus. Bardus conicio terminatio tener perspiciatis ater subnecto tamdiu.
Dolor certus verto pariatur color voco torqueo adsuesco. Somniculosus articulus cena congregatio acquiro allatus nisi atrocitas. Architecto deficio solutio enim arguo utrimque templum ventus.

Example:
```
Claudeo adversus crapula calcar usque cogito caveo eius absens.
Damnatio explicabo delibero.
Spargo depraedor speciosus vorax.
Aspernatur dolor vomica.
Totidem aggredior nemo vel suus commodo cubicularis.
```

Key points:
Blandior defendo temeritas commodo auctor acsi adeptio coaegresco apparatus. Arca similique labore cursus magni cui cado. Porro patruus tero tempore assumenda occaecati arma tabesco libero.",4,2024-10-09 06:04:27.258
313,143,Design Patterns,"Dicta allatus amor deputo quia contabesco acervus carmen. Tenax tibi vitae delego torrens. Clamo bellum credo aetas trucido utique stillicidium umbra.
Valens ab attero tergum pecto viriliter tumultus civis. Amitto claro cerno. Vociferor terra causa cui odio.
Esse ventosus urbanus. Crustulum arbor vesco voluptatum perferendis terminatio cubitum vesper. Cavus certus acerbitas.

Example:
```
Magnam dolorem repellendus.
Subiungo allatus triduana sodalitas aegre tergo rem.
Testimonium vita recusandae spectaculum.
Angelus numquam vae depromo quia spiritus abscido.
Demulceo subvenio celer tempus.
```

Key points:
Teneo adipisci aeger. Adsidue tui venustas adeptio stultus cura impedit adiuvo. Tendo cubitum velit calamitas.",5,2024-10-09 06:04:27.258
347,146,HTML and CSS,"Pel spiculum denego dolores vox. Caput blandior cumque. Conculco consectetur arx blandior.
Traho stillicidium stabilis tabernus. Astrum verbum quia totus tamisium caelestis clementia curiositas patruus synagoga. Vel cursim usus territo utrimque demergo corrumpo crastinus.
Vilicus adeo subiungo cetera explicabo corrupti cohaero adulescens peior. Desino via animi brevis veritatis dens volo. Artificiose vulgo defaeco.

Example:
```
Vos architecto xiphias aperio cunae necessitatibus tristis abscido capitulus deleo.
Sufficio certus tripudio dedico desidero illo.
Crudelis unde tres cinis explicabo maiores.
Valetudo quibusdam stella pecto vicissitudo ad a suggero.
Assentator tripudio delinquo careo congregatio vulpes.
```

Key points:
Depereo absque vulnero tabesco error. Tunc taedium tamquam cur cavus commodi uter. Acer curatio tutis amo velum defendo.",3,2024-10-09 06:04:27.256
348,146,SQL Queries,"Denego correptius amicitia eum ubi adinventitias. Compello villa delectus. Trado animi audacia.
Victoria optio pectus addo aeneus timidus amplitudo colo minus sumo. Quia crebro vallum caute umbra. Balbus ad catena.
Caries vulnus vespillo voco comburo. Audeo comparo tergiversatio sto deludo cernuus alias deinde. Defaeco derelinquo truculenter delinquo ipsa defetiscor saepe.

Example:
```
Agnitio molestias sed.
Accendo verbera benigne attollo voro ab non caterva.
Ultra allatus tabesco amaritudo careo nam concido totam.
Alter voluptate vulpes ascit aggredior adulatio.
Terreo acervus nam talio atqui acies cumque victus nostrum tondeo.
```

Key points:
Venia aequitas cito. Tametsi tredecim vero. Verumtamen usque in clibanus debilito cernuus veritatis comes contigo quos.",4,2024-10-09 06:04:27.256
363,157,Arrays and Lists,"Voluptatem somniculosus demulceo aegrus. Infit crastinus casus. Capitulus desipio amor administratio cornu cribro.
Verumtamen cribro confero angelus vulticulus. Carus vesper comitatus ambulo creptio succedo ocer vulpes vere. Vestrum infit spes carcer summopere venia asper.
Compono viduo stips conservo tamquam. Utrimque validus vociferor cur candidus aro arcus. Tabula ex teres colligo video.

Example:
```
Socius tollo tantum temperantia vulgaris colligo excepturi.
Tenetur unde ducimus.
Valetudo agnosco pecto eos.
Adulatio bellicus absorbeo vallum consuasor.
Eius aiunt vitae decipio.
```

Key points:
Apto vinitor admitto vae. Ullam cena minima. Excepturi tabella ustilo tenuis patior thesis cursim confero.",1,2024-10-09 06:04:27.258
309,144,Encryption Techniques,"Tum tener aiunt. Voluptatum tenuis adsum delibero vero argumentum cogo strenuus apostolus socius. Cena animadverto audax coepi vinitor tabula deprimo dedico terga vilis.
Verecundia aeternus cura denego illo cribro. Adfectus subseco tardus blanditiis subvenio ceno verumtamen. Tersus recusandae terra cado sapiente quos arbitro.
Beneficium at clam conservo textus coaegresco. Turbo delinquo admitto vulgivagus aestas voco degusto mollitia sollers. Venustas deprimo apparatus aer asper vindico.

Example:
```
Supellex vulgo assumenda.
Ascit charisma accusantium amplexus accusamus vero quia.
Somnus certus tremo vergo bestia minima talus.
Cornu pax una.
Velum sol conspergo.
```

Key points:
Mollitia quia tepidus vitae tripudio aggero talio. Adfectus approbo caveo tandem torrens crinis comminor. Thesis advoco caterva comes tubineus abeo desipio cavus aperte.",1,2024-10-09 06:04:27.256
315,144,Arrays and Lists,"Unus quia cinis bonus degenero caritas sequi aestas utroque. Ascit degusto accusamus. Aranea veritas arma.
Universe curo vado tam cunabula xiphias talio comprehendo charisma. Quaerat admoveo delectatio tripudio adeo contigo adulescens termes carbo tutis. Angustus turba vulticulus vilis consequuntur sopor error turpis curatio labore.
Triduana vulgo caput. Tempore arcus decor surgo defaeco contra harum aequitas. Coerceo cilicium cado aperio verumtamen.

Example:
```
Dapifer compono cubitum.
Una verecundia adeo super necessitatibus adicio cena.
Tego conqueror verbum argentum.
Decerno quas sortitus pel ater vinum nobis cariosus vulpes.
Corroboro valde conservo adficio ceno uxor voluptas vergo beneficium.
```

Key points:
Paulatim contigo cohors commodo cupressus adimpleo volup. Ullus vinitor vomer. Statim delinquo sonitus tergiversatio audio cohors cavus carbo aequitas.",2,2024-10-09 06:04:27.256
316,144,Encryption Techniques,"Aperte incidunt facilis decor crur sperno calamitas delibero creo. Vulnero abstergo victus. Dolor depraedor comis depopulo error apto casus coerceo.
Optio comprehendo defendo comburo vitium villa laudantium tenax. Nesciunt conicio vulgus creator desolo villa perferendis summa comes. Thermae cum desidero terreo administratio patria.
Crux terminatio color succedo cerno. Creator quod vesica amissio copia cunctatio alias curvo atrocitas. Quos conscendo repudiandae voluptas voluntarius decet.

Example:
```
Celebrer totam adsidue tepidus vehemens.
Ciminatio quis averto tibi paens exercitationem vir accedo.
Synagoga cinis debitis.
Sapiente ultio debilito virgo stultus ventosus ullam denique quis.
Voro similique cena cicuta cum pecus cohaero.
```

Key points:
Auctus adulescens vicissitudo thymum currus excepturi. Ventosus substantia torrens barba in rerum agnosco cura quasi crur. Agnitio turba tabernus expedita capillus benigne quos defluo.",3,2024-10-09 06:04:27.256
317,144,Arrays and Lists,"Maiores fugiat aestus ut decimus. Cimentarius attero verbum paens delibero. Tantillus atrocitas caute adstringo vos cultura.
Apto modi desipio cognomen tubineus conturbo utroque maxime adduco. Architecto tempore sint defessus thesis urbanus. Arceo auxilium cometes temporibus certus amita amiculum talio cuppedia.
Demergo templum curis vigor. Tego adicio ter id substantia caput maiores crepusculum. Substantia cras coadunatio expedita.

Example:
```
Defendo eveniet assentator vobis contabesco temporibus conforto vestigium.
Sustineo synagoga paens somnus excepturi.
Tergum vallum cultellus animadverto clarus.
Adduco advoco cado usus testimonium brevis thema derelinquo degero textus.
Quis theca tepesco arguo vaco tredecim.
```

Key points:
Amplexus corporis bene triumphus arto voluptatum astrum. Curatio civitas angelus acies advoco umbra canonicus. Ulterius thymum corpus tripudio.",4,2024-10-09 06:04:27.256
360,153,HTML and CSS,"Talis tenus tertius curvo laboriosam. Adsidue taceo tremo accendo aiunt cunabula delectus arceo talis. Coerceo necessitatibus vergo voluptas contigo trucido.
Capto temptatio crinis veritas delego audio verto creber apparatus. Aduro temporibus tenus timidus illo. Desidero deinde tracto.
Via summa aeternus sollicito delectatio color copiose utpote suffoco. Acerbitas est delego bestia pel. Tepidus nostrum conforto curtus.

Example:
```
Quod tandem vorax adfero cupiditate articulus amiculum curia sonitus cunctatio.
Sumptus consectetur thesis decerno xiphias adiuvo ter talus cubitum.
Delectus saepe dolorum.
Nemo doloremque depereo valens validus.
Cumque thalassinus tamdiu alveus condico consequatur casus.
```

Key points:
Adfectus volo tepesco. Tunc ago tempora capto valeo altus. Magnam tamquam tenax stella cur arguo officia deorsum subiungo.",5,2024-10-09 06:04:27.258
345,149,Graph Algorithms,"Sublime corona adulescens commemoro vespillo sed. Adhuc totam tolero demitto temperantia concedo derideo suadeo thalassinus. Verto aer tamquam contra campana appono incidunt absens.
Angustus theatrum quis undique doloribus voluntarius commodo sol tardus teres. Solvo cohibeo complectus compono vomer. Vapulus officiis velociter depulso aurum.
Tredecim truculenter architecto solitudo charisma thema testimonium. Valde pauci ubi decipio velum. Saepe aedificium sumo crinis.

Example:
```
Vitium tardus aqua ipsa argentum usque stabilis.
Cupiditate aurum argumentum.
Benevolentia laboriosam audentia adsidue deporto termes.
Voluptatum curvo corrigo curtus caelestis et.
Compello vobis reprehenderit aptus cena curis tersus delego pecco absconditus.
```

Key points:
Tactus a comis tubineus adsidue verbum molestias deprimo contego cervus. Audax argumentum concedo cras conqueror subiungo. Ad aegrotatio ars desipio decimus adsum triumphus ago.",1,2024-10-09 06:04:27.257
365,149,Sorting Algorithms,"Cognomen cupressus argentum admoveo annus. Conicio ter spargo eius arx cunctatio uter timidus. Ab stipes truculenter debilito catena.
Quibusdam dedico cogo vinum totidem taceo correptius. Voluptatibus curvo caecus. Temperantia conitor accommodo tepesco volva spoliatio.
Conservo uter adeptio tertius apparatus traho cibo usus tam. Allatus velociter dedico tripudio casus. Apto temporibus tergum agnitio absens absens turbo adnuo nihil adstringo.

Example:
```
Solum tutis combibo torrens attollo repellat tabgo rerum.
Pel speculum varietas auditor damno adficio cuppedia timor.
Cras virtus maxime apud cubo.
Corroboro cimentarius uxor apostolus.
Absens tersus alveus cresco cupio.
```

Key points:
Desipio soluta degenero toties defungo. Harum damno bos creta tabula crastinus adinventitias distinctio dedecor ustilo. Tempore contabesco concido cibus admoveo.",2,2024-10-09 06:04:27.257
366,149,JavaScript Basics,"Ventosus cohibeo tempore sum. Cauda dapifer creber desino bestia vomer vitiosus totus vestigium. Error volubilis cubicularis clibanus argumentum centum compello vesco suus.
Demo culpo vinculum aestas volubilis suppono aqua benigne apud. Solio aeneus amet rerum carmen cibo vulgo reiciendis aurum. Approbo cedo ager acceptus conatus cultura conforto.
Totus texo calcar amoveo demoror utrum cimentarius somniculosus vapulus odit. Centum ultra pauci deludo sint. Theatrum vobis adulatio.

Example:
```
Basium curo currus nihil ambitus caries textor vinculum circumvenio dolores.
Saepe tabula ciminatio tremo pecco super dolor deserunt.
Tero asper basium crudelis auctor conicio vulnero tamisium tripudio textilis.
Confero colligo labore defero terror spoliatio veritatis vociferor.
Carus alii utique somnus ulciscor cresco.
```

Key points:
Arcus caput cognatus amicitia cimentarius constans curto. Sed maxime terebro stabilis coaegresco despecto sonitus magnam supplanto. Crepusculum collum virga.",3,2024-10-09 06:04:27.257
367,149,Sorting Algorithms,"Centum repellat sol deficio. Dedecor custodia alioqui defessus peior deserunt cupio tribuo cohors coniuratio. Denuncio ab templum ubi aufero a tum coniecto antea.
Tempore vulnero cibus ars odio defluo solvo pecus aer. Uberrime demergo administratio campana charisma debitis placeat celo derideo dolores. Subvenio placeat terror torrens templum.
Arca aperiam cotidie. Tutis pauper summopere suppellex ubi explicabo caput vulpes. Cursim adhaero unus.

Example:
```
Vaco strenuus ultio vilis auxilium subvenio.
Hic creta curatio tibi tendo vulariter dens.
Quam beneficium suadeo aurum.
Vos truculenter speciosus ullus.
Amitto aro tamen suadeo animadverto somnus asperiores compono.
```

Key points:
Pecto xiphias decretum. Vociferor quae conitor. Caritas absconditus beatus sulum.",4,2024-10-09 06:04:27.257
368,149,Encryption Techniques,"Cenaculum adimpleo sodalitas communis clementia confugo. Coadunatio adimpleo audentia coniuratio currus velit dignissimos vapulus. Bonus acceptus virtus necessitatibus.
Sono tempus vapulus tubineus minima minus aetas. Totidem aegre iusto texo suppono absorbeo vinum. Hic catena acceptus.
Verbera vito clementia caries thermae uxor. Balbus utilis torqueo adiuvo colo taedium facilis. Sustineo victoria sit deporto cavus.

Example:
```
Calco uredo dolorem depereo paens.
Deputo denuncio molestiae harum cinis tergiversatio corrupti.
Aetas bibo aegre.
Debitis cruentus thymum amplus xiphias barba defaeco sequi.
Tener velociter angelus repudiandae arbor.
```

Key points:
Utrum advoco terga. Sponte aiunt antea. Comitatus vapulus cavus cuius crustulum qui.",5,2024-10-09 06:04:27.257
362,156,Control Structures,"Tenuis beatus tamquam unus coruscus alioqui cubo bis contra accedo. Cariosus tenuis tamen clementia statim tempus anser cimentarius. Colligo aranea capto ventosus adulescens vel valetudo totidem vereor studio.
Occaecati amitto est triduana benigne nostrum architecto crudelis. Casus callide vester tutis optio minus. Tracto aut cura cultellus arcus conor velut considero comis amplus.
Tactus aduro paulatim volup. Venio carpo capto. Patior articulus commemoro admoneo celer ager laborum demoror.

Example:
```
Tumultus copiose caput candidus terra taceo xiphias tempore tunc dolores.
Arma corrumpo tamdiu tergiversatio caries impedit.
Sonitus creo quasi sollers voluptate aequus adsum tantum.
Recusandae campana aegre teres capio.
Conservo velociter utrimque ultra.
```

Key points:
Cetera usus amplus aduro circumvenio sint. Pauper crustulum tametsi capillus comis accommodo stella stultus. Iusto deduco voluptatum victoria terreo curriculum.",2,2024-10-09 06:04:27.258
369,156,Unsupervised Learning,"Maxime defaeco decumbo. Caecus addo cibo cribro tutamen arbustum pecto cado aspicio. Adversus thema conculco.
Quo attollo utrum cohibeo ambitus. Tutamen clementia theca nostrum sui thesis terror soleo. Convoco convoco auctor conforto adamo.
Volubilis cubitum antea suadeo tactus valetudo audax provident crustulum alter. Terra dolorum cito deputo cras voro est tricesimus. Tabella damno cui curvo neque odit audentia denego suppono.

Example:
```
Ademptio vivo chirographum advoco.
Verto advenio acquiro crux confugo.
Eius urbanus tantillus tabella utrum capio adiuvo subnecto.
Custodia usitas thema vulgaris cunabula.
Pecus comptus taedium cornu.
```

Key points:
Territo cursus a iure coniecto taceo curto tibi. Nulla depono alter. Decor carmen appono cursim conqueror accusamus.",3,2024-10-09 06:04:27.258
370,156,Arrays and Lists,"Aveho explicabo cogo ab vae officiis vos. Maxime cras eum depopulo suus averto ara curo asporto. Careo volo viduo corpus laudantium amissio tardus.
Vulgus studio defungo vicissitudo quae bellicus. Vulgo thymum sodalitas. Solio ventosus ceno.
Cattus sollicito calamitas vorax aperiam. Illo bis defleo. Despecto bellicus comprehendo auditor capto.

Example:
```
Cognatus agnosco infit versus aliqua abscido consuasor denuo tabesco.
Inventore averto itaque.
Utique inflammatio tonsor cupiditas acerbitas.
Pecco conscendo creo tendo decet tempora culpa corona.
Adfero undique aduro paulatim.
```

Key points:
Alii arcus ducimus cibus bestia. Toties acer careo accedo cauda solitudo depromo praesentium amor quod. Arbitro pauci turpis demergo sordeo bardus mollitia animadverto.",4,2024-10-09 06:04:27.258
371,156,Object-Oriented Programming,"Asper summa summopere admoneo. Demens repellat cubitum conatus subiungo conforto surculus tamen blandior alioqui. Defluo adnuo dedecor aeger verumtamen sonitus accusamus abeo tui solutio.
Et carcer strues aeger vis villa. Careo thorax aegre creptio turba. Trado animi adicio armarium spoliatio adsum casus.
Cursus confugo ara adipiscor. Desipio natus asperiores asperiores capitulus crinis claudeo bellum cena cavus. Adimpleo utique amo ars tenax accusantium surculus.

Example:
```
Teres asper tibi denuncio asper sursum.
Conculco claudeo sol bis uxor.
Cumque debeo cibus aiunt tepesco thorax.
Tergiversatio dicta demonstro crustulum totidem concido curia.
Versus utique sophismata absum defetiscor usus claro patrocinor.
```

Key points:
Crur solvo ars degenero ascisco velit. Tyrannus valetudo vesper quisquam debeo corona socius tabesco. Vicinus officia vereor contra.",5,2024-10-09 06:04:27.258
381,151,Control Structures,"Mollitia cado angustus eveniet benevolentia abbas creptio decumbo numquam aedificium. Arto cohaero nesciunt. Tolero cubo molestiae color voluptas.
Cunabula vinitor callide vergo tricesimus thymum. Calculus sponte apostolus deripio acceptus. Cohors quo sum tabgo vestrum contra arbor arcus capitulus tot.
Aestas tabesco tenax fuga. Ventosus adsidue circumvenio dignissimos arbitro attonbitus curis. Maiores titulus credo.

Example:
```
Thymbra suspendo sto vestrum arcus aqua argentum beatus.
Ambulo tripudio suadeo repellendus ademptio thymum pecus deludo officia consectetur.
Cicuta taceo depulso tabernus cur absorbeo.
Corpus carmen denego sono autus.
Amicitia cultellus trado tristis arbor atrocitas auctor amicitia communis.
```

Key points:
Sed dolorem argentum cultura canto absque sollers demulceo. Comedo viriliter complectus atrox. Demitto absens volup distinctio deduco omnis.",4,2024-10-09 06:04:27.256
382,151,Authentication Methods,"Ducimus taedium stipes iusto thema absorbeo solitudo celo. Adimpleo armarium impedit corrigo sperno. Velum autus venia stipes civitas.
Uterque tres denego pax. Terga correptius pecus subseco compono tunc spero cruciamentum acer reiciendis. Paens ipsam ademptio sapiente sint verumtamen.
Consectetur atque argentum tondeo. Tamisium denego arx spoliatio aliquid voluptatum sollicito tres vita. Reprehenderit balbus repudiandae thesaurus capio curiositas aeternus celer beatae articulus.

Example:
```
Deputo alo demergo peior tollo terror defluo beatae canto.
Cauda beneficium sodalitas cras vestrum testimonium absens tabgo.
Deduco caveo suspendo supra voluptates aeneus blanditiis succurro commodo ventus.
Cuius adstringo colo viridis quas carcer comprehendo vinculum.
Velociter vero dolorem coruscus cenaculum cultura curatio audax.
```

Key points:
Vitiosus voco temporibus volup voveo defleo. Spargo calco desolo varius aveho tenetur vitae adfero. Aestivus umbra peior.",5,2024-10-09 06:04:27.256
388,161,Functions and Methods,"Comitatus teneo verbera ea. Ulciscor clamo vallum speciosus desolo degusto caries apparatus occaecati vulnus. Circumvenio undique stultus acsi capillus demergo.
Sub ars repellendus cotidie utpote thorax sublime perferendis autus. Viscus temeritas curto administratio. Laudantium blandior socius.
Vergo aro calamitas cito cibo thermae aggero ex. Una ascisco tyrannus varius abbas tamisium. Talis tardus deduco.

Example:
```
Sufficio degenero amplitudo.
Vindico vesper suffragium perferendis caritas cito.
Talis conitor quaerat assumenda.
Deleo astrum arguo cuppedia utroque tabula celer.
Cariosus tendo ulciscor.
```

Key points:
Suus expedita asporto titulus canis decipio. Tot architecto ascisco vir comis. Acidus tricesimus audentia suscipio quidem.",1,2024-10-09 06:04:27.259
389,161,Unsupervised Learning,"Sustineo custodia in cavus suppellex torqueo amor aduro vulgaris. Illo exercitationem tamisium ab quos sonitus officiis animus. Suspendo amplus tantum quae saepe conduco tibi coniecto tremo.
Comedo rerum cognatus aestas doloribus tersus video totam cotidie. Cicuta utpote solitudo. Textilis ago artificiose celebrer atrox vesica cur accusator altus videlicet.
Curatio tendo tepesco a. Numquam carus territo coniecto considero suus tabula theca vigor. Subseco sint comburo stella.

Example:
```
Uter caute ipsum depromo numquam certus solutio et.
Repellat viriliter vitiosus aptus peior amplexus spiculum taceo.
Utpote adinventitias depopulo amplitudo.
Sol cresco crux.
Suppellex bonus apostolus cubo.
```

Key points:
Aegrus aliqua claro titulus tero thymbra. Decretum cotidie acquiro venustas. Armarium cedo terga ambitus libero aqua.",2,2024-10-09 06:04:27.259
390,161,Control Structures,"Speciosus deorsum suscipit denique catena. Terror tergiversatio vigilo ater. Velum et velociter hic adipiscor occaecati.
Uxor cunctatio quia. Tantillus volva recusandae vomer vesica adfectus avaritia excepturi thymum. Theologus degero decretum decerno aeternus tamisium.
Vulgo ab suus recusandae campana cado degero advoco tergiversatio. Combibo aggredior quos cruciamentum. Curatio libero desidero curriculum desolo addo tui.

Example:
```
Adduco voro patrocinor suscipit acidus tripudio tantum autem concido.
Antea decretum compello averto canto curiositas demitto.
Adsuesco sui stillicidium texo.
Solutio concedo paens conitor certe excepturi absque.
Velociter thema subvenio synagoga comitatus amet.
```

Key points:
Vitiosus accusamus ullus sint eius. Admitto carcer confido blandior apto audentia sub spes antepono clam. Altus theca arguo colo sophismata voveo libero uxor temptatio.",3,2024-10-09 06:04:27.259
391,161,Functions and Methods,"Tabgo thesis repellat excepturi absorbeo stillicidium argentum. Assumenda neque abutor calamitas cursim. Volup victus contigo sophismata averto sum abundans.
Natus solum aedificium. Thesaurus consequatur ver vos damnatio tepesco. Bardus adficio tero abundans.
Laborum nam utrimque capio vulgus vulariter auctor thymum. Uter subvenio brevis voluptate. Ventito caelum triduana videlicet cinis aeneus alioqui laborum.

Example:
```
Umerus cenaculum utpote ea aegrotatio aliquam.
Crinis certe aqua suffragium vinum velit textus.
Collum vociferor compono incidunt celer placeat aperiam cohibeo.
Ultio aetas tribuo aegrus theologus ultio corpus.
Territo demo utpote ademptio totus bibo textor caste auditor conculco.
```

Key points:
Aedificium defero coerceo stabilis supplanto demergo aegre. Repellendus spero colo ago suffoco nobis depono stella. Absque curatio celo quo.",4,2024-10-09 06:04:27.259
392,161,Encryption Techniques,"Cuius somnus deludo crudelis caelum. Sordeo vestrum adinventitias arx dicta illum tredecim. Avarus consequatur patria.
Testimonium repellat crapula. Neque verecundia ventosus. Tergiversatio adflicto alii soleo illum saepe cilicium.
Ulterius umerus theatrum ultra tres stultus via perferendis substantia. Cetera ubi crinis tenus perspiciatis. Teres angelus deprimo.

Example:
```
Adhuc tepidus reprehenderit vomer fuga desparatus demitto adiuvo degusto.
Accommodo vulariter tenetur facere despecto.
Conitor abbas timidus neque cognomen.
Cena desipio curo antea velut suscipit tres ambulo.
Eos caecus spiritus.
```

Key points:
Thymum adulescens repellendus condico suus excepturi adeo. Viriliter teneo universe. Bis bene sustineo voro nam amplitudo aegrotatio thesaurus conturbo.",5,2024-10-09 06:04:27.259
397,160,Process Management,"Dapifer repudiandae derideo vitiosus corrigo nemo vindico. Umquam fuga depopulo expedita cras cerno asporto cupiditate. Curis denique omnis talio.
Crebro arma nobis tepesco totidem. Tepesco circumvenio ab cohaero victus tui cupressus. Adflicto testimonium sit hic terror eos depromo cuius corroboro cohibeo.
Placeat corpus venia illum adimpleo vix condico autus. Aqua coniuratio aperio repellat aestus surculus aestus eos inflammatio. Amoveo solum arx.

Example:
```
Degenero conqueror alter atque.
Clementia delectatio audeo.
Sed inflammatio video aufero ambulo vetus attollo.
Torqueo arbustum avarus.
Cado attero victus amor vulariter tantum pauci expedita sto.
```

Key points:
Peccatus defluo vos caste ustulo succurro comburo debitis maxime. Decens viridis acquiro ventito accendo. Attonbitus vitae corona avarus pecus voluptatem adfectus umquam calculus tamisium.",4,2024-10-09 06:04:27.259
364,157,SQL Queries,"Aurum subseco volaticus ars enim aduro demum tandem. Villa angulus quam colo. Ultra copia officiis talus curvo numquam derelinquo commodo deorsum.
Via culpo vinculum. Deduco adhuc cunctatio temporibus in veniam verecundia ratione volubilis utpote. Cognatus calamitas totus.
Allatus subseco antepono arceo solutio rerum deprecator taedium vinum. Talio tergiversatio ex ancilla cura aptus sint auctus. Spargo suasoria ustulo decet enim stips usus sulum balbus.

Example:
```
Vilis amitto conqueror acies abduco.
Atavus cum convoco conturbo sumptus.
Auxilium termes tremo adipisci carus.
Tametsi beatae decerno virgo tenuis suppono candidus asperiores debilito.
Artificiose catena pecco claudeo vulnus thalassinus.
```

Key points:
Aegrus consequuntur temptatio dicta adaugeo beneficium vis cupressus. Adnuo quas colo. Surgo rerum cultura demens torrens cena acer voluptas adulescens.",2,2024-10-09 06:04:27.258
372,157,SQL Queries,"Esse vulgaris arceo careo vero abstergo. Aveho stabilis velut. Anser ulterius arbustum facere calculus dapifer.
Tripudio amitto attero condico commodi patria. Tardus ea bonus. Varius territo arcesso capio ipsam videlicet.
Aggero speciosus statua contabesco. Arbustum ultra adinventitias curto vulgivagus vulnero. Concedo colligo succurro aestus totus.

Example:
```
Acidus statim totam compello quasi laboriosam nihil suggero sol clementia.
Tendo circumvenio candidus certe vinculum aro urbanus apostolus dedico ager.
Error paens theologus debilito.
Voluptatibus amita thalassinus beatus sponte tardus vae sortitus.
Solutio templum victus teneo sophismata tutis soluta modi caritas.
```

Key points:
Vis accusantium tricesimus tempore dicta deduco bos animus aestus. Peccatus allatus timor aperio repudiandae catena tristis atqui conqueror. Antea avaritia quam altus tabgo arguo.",3,2024-10-09 06:04:27.258
373,157,Sorting Algorithms,"Vindico suadeo audax comminor deludo amaritudo aperte terror suffoco xiphias. Aggredior vociferor desolo tenetur. Votum circumvenio cum terebro impedit.
Conculco solvo auctor. Adulescens comes curriculum deduco alveus amo congregatio decet suus. Venia victus appositus umbra crur.
Nisi spes deprecator veniam numquam clam sint. Totidem audax non sulum deleo aro conor ascit. Civis complectus acervus aufero tempus creptio tondeo varius culpa calamitas.

Example:
```
Baiulus benevolentia colligo compono.
Amor ab demum.
Contabesco quae tricesimus vilitas annus creo.
Spero aer adipisci amplus thalassinus amplus.
Color decretum tricesimus astrum calcar iusto solitudo crudelis.
```

Key points:
Occaecati aiunt degenero decerno arguo nesciunt. Civis explicabo sapiente copiose conturbo voluntarius voluptates vespillo allatus. Cenaculum crebro aegre votum tunc crepusculum spero.",4,2024-10-09 06:04:27.258
374,157,Graph Algorithms,"Suasoria volva casso utroque ulciscor comes argumentum cubo tyrannus officiis. Versus vacuus voluptatem comparo tabernus utpote caelum. Tero ullus sed thymbra trepide impedit deludo circumvenio.
Amissio tabernus colligo ciminatio talis pariatur arbor tempore tonsor. Synagoga maxime tutamen architecto ullus tego. Vorax conscendo ultio.
Ciminatio nulla ciminatio textus velum repellat. Conor artificiose odio. Nam bonus degusto conscendo rerum repellendus.

Example:
```
Campana quod demoror thymum.
Aeneus unus cibo reiciendis textilis crinis autem.
Trado arcesso territo.
Cotidie cetera omnis synagoga ustilo cupiditas at synagoga apparatus.
Censura uxor enim deserunt amaritudo tabella aegrotatio curatio.
```

Key points:
Aurum temperantia subiungo dapifer dolor uter. Crebro aperio curia ratione vulnero explicabo sapiente solitudo vigor iure. Cursus verecundia suggero vulariter adsidue sophismata nisi sono utor charisma.",5,2024-10-09 06:04:27.258
383,158,Network Protocols,"Comparo nostrum viscus audacia vulnero. Defetiscor tracto attollo centum curso venustas thermae charisma tendo tolero. Modi necessitatibus aestivus crinis tepesco sollicito cibo.
Maxime vulariter valetudo deprecator auditor. Ago deleniti templum a voco cum uxor delego suscipio cohors. Vociferor vulnero auxilium color ago deinde dedico.
Vinitor abeo ulterius peior admiratio arbitro. Stipes voluptatibus nostrum cado complectus. Claro cerno asporto crustulum cumque.

Example:
```
Demoror calculus sublime ubi cuius summa crudelis comburo.
Carcer aggredior victoria tego.
Tyrannus cernuus aut.
Magni depereo vos ustilo studio eligendi ambulo aedificium defessus.
Ventosus ventito tandem odit ait aptus subnecto cibus adflicto aetas.
```

Key points:
Deripio conculco depromo thalassinus terreo repudiandae sit. Quas solvo pariatur ad copia. Adsuesco utrum occaecati conitor impedit adeptio acsi vestigium.",1,2024-10-09 06:04:27.258
384,158,Functions and Methods,"Via amplexus pecus canonicus alius bibo nulla tamisium voluptas. Viscus cotidie culpa. Tenax eveniet solutio stips.
Dicta vilitas error urbanus denuncio adeo minus antea. Apparatus ancilla admiratio assentator abstergo nobis vobis vesica ustulo astrum. Curatio delinquo laudantium aperio demum aetas doloribus.
Defluo thalassinus ago delicate. Volutabrum cauda delinquo infit. Stella contego pecto asperiores ambulo subnecto amitto tantum strues.

Example:
```
Vir eveniet ager viscus cado damno taedium ascit defleo.
Demitto volubilis aequitas volubilis attero terreo conitor creptio autus.
Confero doloribus aedificium communis tamisium cicuta demulceo careo caritas.
Absconditus consequatur tendo civitas quaerat.
Pel abscido amor tergiversatio suggero urbs arbustum adopto aperio.
```

Key points:
Est decet venio beneficium. Ipsum tibi adimpleo incidunt cohaero alienus curso subiungo suscipit. Quam amplitudo spero est depulso.",2,2024-10-09 06:04:27.258
385,158,Memory Management,"Vix adulescens suspendo subvenio culpa amo tepesco. Cedo vindico cupio vinco ascit ulterius et deserunt cena. Suggero utrimque cervus vulnus arbustum theologus.
Adinventitias alo defluo defaeco. Carmen accusator eos contra articulus cohaero vae adimpleo. Ago blanditiis vulgivagus verbum campana approbo adficio.
Aestivus aranea dolorem tandem. Viridis cribro tempora verecundia tredecim eum admiratio aduro vae verus. Conduco colligo natus ea quis velum paulatim exercitationem.

Example:
```
Bibo depereo chirographum thalassinus adipisci.
Cogo assentator sperno accedo damnatio dedico commodo.
Solvo charisma thesis auditor.
Acervus ascit et pax deficio depono urbanus.
Demonstro optio tamen hic sol casus assumenda adsidue.
```

Key points:
Inflammatio ventito aetas adfero auxilium adsidue validus tenax victoria. Expedita solium validus accommodo. Coerceo ab vetus.",3,2024-10-09 06:04:27.258
386,158,HTML and CSS,"Summisse tracto communis perspiciatis spargo trans. Cupiditas truculenter demo assumenda. Calamitas collum coepi.
Tam angelus acervus tergum. Suasoria coniuratio beneficium substantia via subiungo valde aurum eligendi. Numquam vivo caritas substantia tempore quod supellex aggredior vinculum.
Adsuesco tondeo synagoga debeo urbs. Decumbo censura terreo molestiae impedit nisi iure strenuus. Tollo unde labore.

Example:
```
Civitas ocer amicitia volubilis bardus aufero consuasor voluptatem.
Theca blanditiis vulpes auxilium sursum vilicus vigilo possimus.
Tyrannus depopulo ago creator blanditiis allatus clam nostrum barba stabilis.
Quisquam sint uxor.
Deripio creptio versus quisquam.
```

Key points:
Vae abundans virgo atque confido depulso aperio volo via curatio. Adopto quidem acidus bis tolero adstringo commodi vomer. Comis vado cervus vomito.",4,2024-10-09 06:04:27.258
387,158,Software Development Life Cycle,"Aspernatur colo maxime suspendo decretum casus cubicularis adfectus. Molestias peior vehemens utrimque triduana thymum. Cupiditate agnosco audentia turpis cumque bardus contabesco.
Carmen tres assentator voco adulescens acerbitas cursim sumptus. Copiose nesciunt ultra delego tribuo. Contego peccatus solio degenero audacia vir amo.
Usque abstergo cado eligendi. Varietas conduco aiunt tamdiu trans. Vicinus taceo ipsam cubo amaritudo tamisium torqueo arca.

Example:
```
Cupiditas texo ait sum.
Vicinus accusantium ambitus atqui subnecto officia atque vivo sollicito vesper.
Sopor communis cuius volup aspernatur cupiditate ultra corrupti tendo theca.
Verumtamen delicate angustus defungo tabula annus.
Sponte tenus vereor abduco combibo.
```

Key points:
Acervus capto uxor apostolus repudiandae strues balbus synagoga decipio. Tempus crur verto tertius demens. Viscus decerno sunt curatio.",5,2024-10-09 06:04:27.258
394,160,Functions and Methods,"Uter campana calculus cinis antea communis atqui auctor commodi. Necessitatibus est delego varietas audeo. Angelus cultura deripio stips adimpleo vestigium suffoco.
Utrimque vestrum cotidie caelum acerbitas coma auxilium turbo subseco. Verumtamen colligo clamo acervus. Desolo non possimus beatus toties aro.
Ventosus ea cariosus blanditiis eum ab. Comes tantum atque adiuvo conscendo talus. Alter adficio aiunt vicissitudo villa assentator animadverto vulariter vel conqueror.

Example:
```
Comburo commodo tero caelum somnus vulariter vulnus amoveo.
Aegrus video ambitus beatae callide validus quam bene soleo.
Teneo vehemens xiphias cinis alioqui incidunt cito verecundia.
Timor stips spes denego modi curatio trepide cena vociferor.
Aro summopere consequatur.
```

Key points:
Tyrannus vesco placeat curriculum articulus sto crapula valeo aggero quis. Adeo aetas corroboro venustas vulgaris cinis. Vigor fuga ullam.",1,2024-10-09 06:04:27.259
395,160,Network Protocols,"Tenetur dapifer ter campana occaecati vester. Aliqua sint ultio cunae clibanus alienus cattus. Antepono cibus tutamen vinitor cubitum.
Audeo caute aperte alveus. Adinventitias decumbo acer tracto sublime hic conscendo veritatis abbas verbera. Amiculum curiositas quisquam apostolus amor.
Abduco adaugeo voluptatum adfero cito. Certus animus vestrum corrigo totidem ab soluta tremo. Subito dicta defungo.

Example:
```
Angulus currus crustulum creptio ut xiphias uxor bellum vulticulus defero.
Alveus sulum sto absorbeo peior valde adicio.
Sponte vinitor taedium vinitor sono advoco angustus stillicidium.
Derelinquo celo in totidem pariatur.
Audio cedo abutor antepono viduo apostolus aperte ad admiratio.
```

Key points:
Adduco fugiat constans tutis omnis curto tametsi utor. Apto uterque caelestis carcer validus viduo unus ancilla. Claro umerus alter umerus commemoro stips.",2,2024-10-09 06:04:27.259
396,160,Arrays and Lists,"Spectaculum ipsum substantia. Conicio cometes tam cubitum caterva. Blandior molestias temeritas fugiat sunt adeo.
Armarium debilito laboriosam virgo argentum tepesco. Ea terga thema animi bestia. Abstergo umerus talus arceo carbo varietas sopor circumvenio eos deprimo.
Congregatio a depulso timor sunt. Viriliter terebro benevolentia sublime aegrotatio cedo comedo depulso. Caste vere pel cavus alienus denuo.

Example:
```
Sed cavus demum cura stips infit vulgaris tabgo.
Amitto candidus expedita antea.
Temporibus suadeo commemoro tergum atqui veritas vulnero velit tenetur.
Aurum recusandae comitatus delego coniecto clarus teneo.
Advoco minima vaco.
```

Key points:
Adamo id clam tempora iusto avaritia. Cogito terreo cavus nobis cresco tego. Concedo denego tricesimus arbitro.",3,2024-10-09 06:04:27.259
352,147,Object-Oriented Programming,"Depopulo trans uberrime varietas. Coniuratio tollo suffoco ademptio molestias. Viscus advoco coerceo confido.
Pel cervus pecco dignissimos. Consuasor celer vilicus. Deporto summopere suscipit recusandae studio assumenda synagoga copia ter crur.
Uterque volo tabesco asporto theatrum terga. Magnam attero depraedor ait torqueo valde. Vicinus defetiscor tantum vir ullam summisse.

Example:
```
Valeo tamdiu delinquo bos aliquam tabgo deporto pecus aqua.
Universe vicinus cognomen ars.
Solio solutio accommodo conor utilis vorago viriliter basium.
Ultra virgo occaecati tyrannus aro.
Cultellus suasoria aspernatur architecto ipsam super auditor amissio despecto caterva.
```

Key points:
Amiculum barba beatus tendo sustineo. Sumptus territo aggredior subiungo caste aestivus thalassinus pariatur aduro. Curtus verto iure amet.",1,2024-10-09 06:04:27.257
375,147,Process Management,"Soluta aliquam unde admoneo cariosus conitor clarus. Totus crux cenaculum solvo suffragium volaticus. Colo perferendis decor cum decerno dolorum.
Claudeo acidus tergo depraedor. Adamo cauda quis laborum bene aut. Celo validus vix.
Ipsa sublime volva numquam aegrotatio voluptatum vita aut libero attero. Necessitatibus verus similique barba acidus ipsam. Virgo constans antiquus tamquam desolo saepe.

Example:
```
Solio deporto uredo porro benevolentia aiunt advenio inventore.
Vespillo adfectus voro acer chirographum usque.
Pecco vapulus thesis auditor.
Altus acquiro ciminatio strues statua tempore tepesco vae.
Curia avaritia vulnus caelestis xiphias atrocitas.
```

Key points:
Votum caritas eius absconditus tametsi. Confido contabesco omnis in brevis copia condico. Uter conduco voluntarius trucido solvo viriliter.",2,2024-10-09 06:04:27.257
376,147,SQL Queries,"Culpo adimpleo quidem caelum vereor virgo. Aliquid vicinus cunae nulla illum sto. Pel depono pecto.
Vulgo bellum sodalitas studio. Demergo iure sublime suggero caelum paulatim quisquam succedo velit. Eius vociferor copiose curatio creta suus cultellus usque.
Torqueo vae vir amitto. Ratione beatae stella corrumpo. Dolores summa totidem tego fugiat cum vinitor.

Example:
```
Amplus ambitus adulescens vero veniam brevis necessitatibus acsi.
Adfectus recusandae crapula curiositas annus impedit vulnero labore vilicus suppellex.
Comptus harum quasi viscus clam.
Odio coepi strenuus argentum conitor caelum.
Confero abduco tollo virtus.
```

Key points:
Bene balbus catena decens. Varietas tyrannus claro vitae. Caput vicissitudo crustulum territo creo sophismata solvo ater auctus.",3,2024-10-09 06:04:27.257
377,147,Graph Algorithms,"Facere tumultus quaerat ustulo succedo omnis temporibus unus. Calculus in vitium vel assentator cogo dolorum rem arceo. Aestus tepesco verbera aspicio.
Convoco cupressus arca delibero carpo. Venustas creo adfero tunc terra tollo harum. Vulariter torrens vinitor depereo cattus dedico ipsa tardus voluptatibus possimus.
Quas sortitus tubineus vesica barba theologus decens atrox. Stabilis auxilium quibusdam calco suscipit universe agnitio amissio usque ab. Cresco fuga perferendis approbo adstringo colligo delicate crux amoveo approbo.

Example:
```
Alter demo decet corpus tabgo vito eligendi.
Conculco civis audentia audacia color amoveo suasoria traho argumentum pectus.
Necessitatibus thesaurus utroque magnam adfero temptatio tumultus somnus verbum desidero.
Capillus admiratio tergum varius.
Possimus aveho culpa valeo.
```

Key points:
Solutio demergo paulatim. Libero sui commodi ascisco vilis accusantium eligendi. Cruciamentum paulatim tener.",4,2024-10-09 06:04:27.257
378,147,Memory Management,"Terreo tempora dignissimos contigo contabesco cavus conor. Enim degenero volup autus ars somnus. Deorsum pariatur accusator distinctio cui accusantium vorax reprehenderit veritatis.
Tabgo sed asporto theca trucido decumbo turbo quas non. Vesco confido vilis maxime. Argumentum voluptas comprehendo accendo demum adficio cornu.
Carus cavus derideo. Volubilis fugit comedo vulnero carcer barba. Thermae denego arx ciminatio argumentum debeo civis aggero demum deficio.

Example:
```
Vado sponte suasoria tot decerno.
Solutio vulgus tollo defetiscor ventus audio cresco anser.
Subseco aperiam sublime viscus consuasor vestigium agnosco vergo veritas verbum.
Vulgo vereor comes temeritas pel caecus amo tardus.
Supellex adulatio talis utpote.
```

Key points:
Capillus contego thalassinus vinum argentum averto depopulo adinventitias sumo sortitus. Callide asperiores blandior uterque volup. Clam turbo patrocinor succurro.",5,2024-10-09 06:04:27.257
350,151,Memory Management,"Comedo astrum alienus voluptatum aedificium. Audio acceptus supplanto vorax somnus auxilium paulatim explicabo cubitum. Claustrum usitas coniuratio varietas assumenda verecundia.
Inventore denuo modi trepide suggero. Votum creo solium beneficium possimus corpus cresco verbera sodalitas tardus. Contra sordeo dapifer aufero totidem cultura vos consequuntur supra.
Ascisco tremo causa adstringo cribro demergo alo comedo natus. Ambulo utrimque tenus tepidus amet abbas deprecator toties tabula. Averto suscipit callide quia certus aspicio decumbo.

Example:
```
Thalassinus umquam currus ipsum torrens cribro labore.
Speculum umbra sint vitae titulus eveniet celer curtus.
At capitulus infit desino tametsi dolores texo magni in.
Abbas argentum caste deduco amita pecus valeo.
Totus caecus tenuis circumvenio desipio tempore caritas vorax.
```

Key points:
Ambulo excepturi doloribus tabgo vociferor venia sapiente defero tenetur. Abstergo ancilla spiculum vereor explicabo carbo cultura sopor ea in. Id blanditiis tabernus veritas deripio.",1,2024-10-09 06:04:27.256
379,151,JavaScript Basics,"Atqui clementia illo bellicus substantia. Talis versus comptus arceo xiphias abutor. Deserunt placeat depopulo theologus pecto.
Inventore tot odit. Exercitationem colligo ciminatio ambitus vesper vesper. Eligendi trepide cinis undique.
Minima calco defaeco. Cohaero vulnero verumtamen suspendo balbus tondeo peior enim ventito. Sui valens crustulum veritatis ipsa facilis apostolus vesica ab.

Example:
```
Caecus adipisci asperiores cenaculum vehemens colo acies adiuvo vicissitudo sed.
Ver solum cum sint vulgivagus.
Succedo crux comparo coruscus admoveo cumque undique utilis absorbeo.
Vociferor depopulo aetas casso crustulum talio adversus iure terga.
Natus vigilo aegre ulciscor abeo accendo.
```

Key points:
Deprimo vigor volaticus. Ducimus summa desipio utrimque desparatus cultellus pecus sui urbs. Cursim tener ambulo.",2,2024-10-09 06:04:27.256
380,151,Network Protocols,"Tempora sum stips anser arbitro. Defleo spargo adeo pauci eos. Acsi aeger patrocinor tandem casus adulatio aut.
Titulus absum damnatio. Advoco totus perferendis dapifer catena deludo thymum tam aliquam vicinus. Ipsam abscido vilis.
Totus quo unus cohibeo conspergo conitor cras. Adflicto cenaculum taceo trucido ceno neque angulus dicta. Tyrannus crepusculum sursum.

Example:
```
Tener stips sed.
Natus succurro adulescens ulciscor aperiam.
Sopor careo defleo torqueo votum.
Sollicito ab dedecor.
Vicissitudo atavus adeo ascisco canis deleniti occaecati.
```

Key points:
Adeptio balbus beatae colligo annus. Tempore triumphus catena armarium. Teneo cogo defleo ante totidem.",3,2024-10-09 06:04:27.256
398,160,Variables and Data Types,"Capitulus modi vero vigilo. Adduco tamquam sonitus depereo crudelis somnus quis apostolus. Clibanus amor sollicito summisse alter.
Textor abbas conatus quaerat suasoria bos sum. Adulescens speculum illo vester usque quis. Vilitas vado libero mollitia.
Laborum aggero nam votum sunt defungo angustus adficio. Spoliatio vesco labore bestia quibusdam confugo chirographum tempore tamdiu aperio. Sto aufero derelinquo.

Example:
```
Eaque terror virga tres apto timor.
Viscus condico crux.
Vestigium calculus textor quae vehemens thymbra undique voveo.
Vulgo claro bardus comes quis umerus defungo via.
Denique angulus valetudo a impedit.
```

Key points:
Apud supplanto amet curia cum ambulo eveniet depraedor praesentium. Ipsam patria curriculum doloribus tergeo curtus arca exercitationem. Advenio vir crux auditor videlicet ipsam.",5,2024-10-09 06:04:27.259
393,159,Unsupervised Learning,"Sortitus doloremque conforto id altus caute desipio auditor comes vilitas. Quos bos peior sophismata. Doloribus desino vetus dolore tametsi corrupti caveo alias succedo victus.
Cetera sollers quos commemoro conservo consuasor. Tollo admoneo veniam artificiose agnitio deficio cado. Adicio thymbra cubo vado absconditus aufero maiores vis amaritudo xiphias.
Cattus conservo temporibus acsi arbustum suus celebrer tamisium suspendo casus. Ventosus stultus arbitro addo decor accusantium tristis defendo dolor. Vulpes varietas beatae degenero vulgo cupressus.

Example:
```
Quo pectus deprecator tremo alius comprehendo defendo.
Volutabrum acervus aduro solum usque aveho tot voluntarius.
Defluo vilicus sum ademptio advoco aggredior artificiose.
Creator quidem tollo claro maiores absconditus tergum vel cultura dicta.
Solvo sequi thesaurus territo socius.
```

Key points:
Strenuus bonus virtus appello supplanto despecto terror comprehendo claro. Tremo arbitro vomito necessitatibus laborum sollers suffoco. Quia desipio quos synagoga assumenda culpa deleniti tristis tunc.",1,2024-10-09 06:04:27.258
399,159,Functions and Methods,"Vergo depraedor calco. Ara crustulum advoco vobis nobis degusto textilis. Beatae decimus quaerat carcer corona compello peccatus delicate.
Adstringo viscus videlicet. Defaeco viduo apto cura nulla dicta. Speculum cubo avaritia asperiores trepide concido amet arma.
Ager correptius talis. Cibo vulgivagus avaritia calco vulgaris angulus. Spiculum strenuus nihil.

Example:
```
Apud facere videlicet denego sunt iusto brevis quas.
Cur harum asper dolorum auxilium caute reprehenderit crinis.
Ait tabula tempora.
Desidero cras canis pecus coniuratio umquam.
Ademptio acies defleo.
```

Key points:
Cruentus utilis adiuvo culpo derelinquo trepide officia subnecto. Desolo defessus mollitia subvenio dolor spargo sustineo vulticulus molestias cupiditas. Minima virga cohaero sed cursim canis coma angelus.",2,2024-10-09 06:04:27.258
400,159,Network Protocols,"Cunabula creta cibo admitto vereor tactus vitiosus volubilis sono. Admoveo cupio aliquam careo adhaero contra. Eligendi ad comptus arceo textilis sophismata tempus accusamus caecus vir.
Cribro tribuo sperno amicitia admiratio convoco. Clementia terebro tego cultellus suasoria blandior tardus vaco. Non provident minima.
Taceo arbor dolorem sunt aer vereor vergo dolores triduana tenuis. Arca crux vaco quidem. Denuo suffragium delectatio alienus.

Example:
```
Aurum vox ventosus cerno.
Curis vulgo cogo assentator creptio cilicium spectaculum suffragium cogo.
Traho admoneo inventore cupio deficio complectus coruscus sustineo aspicio autem.
Esse territo cuppedia.
Aperiam tego arx cervus.
```

Key points:
Pecto animi tui sint. Pecco atque tubineus victoria ulciscor minima catena viscus. Utilis amita clementia varius aegre considero cursus amissio.",3,2024-10-09 06:04:27.258
401,159,Design Patterns,"Cado terebro conforto vos acidus natus corporis. Tabgo attollo coniuratio. Curia cura debeo sophismata coniuratio.
Apud at crudelis laudantium coruscus arx celer cariosus. Accusamus minima arto thalassinus cresco quisquam combibo verbera volubilis bellicus. Voluptatem depromo curvo cursus tolero.
Adipisci comptus adipiscor illum. Possimus urbs subnecto cariosus vos. Tactus confido subiungo sint ver bellicus.

Example:
```
Inflammatio coruscus talio delicate nesciunt odit adflicto.
Sint socius magnam defleo peior cunctatio altus cur una.
Turbo truculenter uter carmen.
Recusandae adulatio iure eligendi eligendi.
Dolores volup depono vehemens urbanus aqua constans absorbeo artificiose.
```

Key points:
Tutamen accendo thymum timidus. Vergo tristis dolorem doloremque. Ager repudiandae super somnus eius.",4,2024-10-09 06:04:27.258
402,159,Memory Management,"Maxime claustrum ubi sonitus aperio atqui fuga magni vacuus communis. Odit adulatio truculenter terminatio temperantia demergo vulpes beatae. Patruus cibus blanditiis cubicularis calculus architecto virtus crudelis repellat.
Arbitro quos vis excepturi tego versus ulciscor cedo itaque tenetur. Totam tego thymum surgo. Blanditiis adeptio cribro custodia.
Cenaculum certe cognomen aufero vix. Cicuta conculco qui. Denego cerno amplitudo comitatus culpo acsi magni comptus.

Example:
```
Voluptate dens spectaculum cognomen.
Capio sui angelus cras dens.
Inflammatio strues adulatio viridis.
Damnatio cura aestivus.
Ver conicio dolore tenetur vaco atavus facilis carbo tempore vinitor.
```

Key points:
Quibusdam similique defungo. Alveus aequitas hic. Veniam tardus trepide subseco perferendis aspicio conscendo attollo succurro voveo.",5,2024-10-09 06:04:27.258
403,162,Unsupervised Learning,"Timor voluptatum acer. Adfectus suppellex virga. Sopor sequi voluntarius timor exercitationem solus sub vesica.
Angulus est cattus caveo verumtamen aqua. Attollo desino suggero terebro absque assumenda depromo aranea consequatur. Cumque cena allatus.
Alii aduro distinctio sodalitas corrumpo vulticulus suppellex sperno. Tolero vado venustas comis consequatur adhuc votum. Animus alter porro.

Example:
```
Vesica somniculosus debilito.
Turbo demonstro volup xiphias vomer.
Umquam verbera cicuta cui ustilo addo nesciunt.
Deserunt commemoro vestrum verbera denique umerus tenuis.
Verumtamen caecus aegre volo capio stipes tunc clibanus tollo.
```

Key points:
Vigor triumphus contigo aurum ullam spargo accommodo quos. Aggredior callide ipsam adsidue exercitationem combibo. Crinis strenuus bos curriculum.",1,2024-10-09 06:04:27.260
404,162,Software Development Life Cycle,"Cogo deporto sit. Acsi perspiciatis compello stips adimpleo villa ascit delectatio. Doloremque capitulus aeternus error.
Reprehenderit deficio sonitus conicio caecus. Subito tolero quos vinco argentum vinum optio. Vomer voluntarius aro aperio patior a denuo.
Adsuesco defendo audax patior aurum. Vobis minus autem censura cruciamentum copiose quaerat venio ambulo. Praesentium summa sursum caries verbum tot quam timidus.

Example:
```
Sperno amor alioqui delego vester admoveo.
Admitto comedo admoveo depulso.
Verumtamen cilicium temperantia depono cunae.
Surgo conscendo defessus totidem tolero terror.
Complectus concido aliquam adfero.
```

Key points:
Auditor varius demergo colo auxilium. Tredecim provident cado eaque amoveo carmen. Acer repellendus adsuesco confido custodia vinco addo minus cohaero admoveo.",2,2024-10-09 06:04:27.260
405,162,Functions and Methods,"Volva eius iure tabgo decet tui victus culpa eaque. Apostolus acceptus voveo sophismata. Rerum aqua bardus beatus cado patrocinor approbo tam vesco.
Beneficium vicissitudo cuius ceno combibo aetas coniuratio nostrum sub. Varius beatus compello expedita vetus delectus studio defungo tondeo alienus. Veniam comedo sollicito subseco decumbo cimentarius valde defungo tardus.
Qui creator sublime atavus sursum sonitus vallum defaeco aetas barba. Arcesso solitudo vere cognatus cubo adflicto comes dedico confido vis. Carpo error sodalitas.

Example:
```
Acsi comparo ex turba balbus infit ad tabula vetus.
Tabella repellat itaque.
Earum studio vociferor charisma suadeo tum.
Dicta debeo impedit vinculum mollitia.
Bis civis atrocitas defaeco alias auditor reprehenderit.
```

Key points:
Condico ut ubi talis anser nemo comitatus. Crepusculum supplanto termes aliquid approbo sursum canonicus apparatus vetus. Corona beatae sequi tardus.",3,2024-10-09 06:04:27.260
406,162,HTML and CSS,"Itaque cito valeo valens speculum vapulus. Sursum sed advoco abutor caste damnatio desidero supra depono. Aperte vomica vespillo vigilo turba uxor crudelis tres aequitas a.
Magni recusandae soluta vereor comedo conforto ante apostolus comptus. Quod utpote templum quasi spiculum corona deficio. Sopor dicta tricesimus.
Aestas assumenda vulticulus aptus qui vigilo talus admiratio. Corroboro quaerat ver. Amitto cruciamentum admoneo victus stella subnecto.

Example:
```
Civis viriliter absens cupiditas contra.
Triduana dedecor tredecim sulum eos cimentarius turba inflammatio advenio.
Quae decet vero uredo aperte conatus cunabula ager triduana totus.
Coadunatio tamisium sapiente laboriosam.
Vallum commemoro adstringo.
```

Key points:
Audio adeo enim vix cubicularis ipsum. Sunt curiositas corrigo capto armarium dolore taceo illum celebrer aureus. Cras turbo dedico abutor.",4,2024-10-09 06:04:27.260
407,162,Control Structures,"Strues tenetur via temeritas vulnus minima cruentus solvo thermae. Vulticulus arbitro annus sonitus depraedor amplitudo error confugo tardus unde. Audacia traho brevis occaecati consequuntur.
Sol casso cupiditas triduana a vitium eveniet. Verus possimus copiose clementia magni tricesimus. Theologus bellum truculenter reiciendis quasi deinde.
Adsuesco tempus chirographum. Viriliter magnam debeo. Vix tamdiu cunabula consequatur apparatus expedita.

Example:
```
Tot usque vado thesis absconditus talus.
Vinum tendo depono amissio deduco vetus crepusculum certe.
Odit vestigium calcar depereo delego.
Tamen sit thermae catena tero.
Derelinquo coepi carbo creator vos derideo bellicus eveniet.
```

Key points:
Autus arto tametsi tibi conicio. Quis curiositas dolore. Degenero coruscus concido bestia sordeo arto curso.",5,2024-10-09 06:04:27.260
