id,courseId,userId,feedbackText,rating,createdAt
106,145,509,Inflammatio supellex caries voro tabella officia ullus id venustas subnecto. Alias amaritudo non repellendus ullam consectetur. Quidem angustus thymbra subnecto.,4,2024-10-09 06:04:30.493
107,147,529,Occaecati spargo ventosus virtus. Teneo pauci capio tam bene utroque deleniti argentum convoco. Vestigium canonicus textor curtus ducimus expedita triumphus alii sulum.,5,2024-10-09 06:04:30.495
108,153,520,Vaco stella veritatis ait fuga varietas. Aveho delibero surculus ocer acceptus adstringo defessus. Supplanto alioqui voluntarius capio uter caput vilis ipsum sopor.,5,2024-10-09 06:04:30.494
119,160,512,Crepusculum conor confido callide illo. Ago venio eos adfectus pariatur accusamus vado voveo. Voluptatum censura cito taedium turbo peccatus via sum debitis vox.,2,2024-10-09 06:04:30.495
115,146,520,Cena suffoco aut sustineo via. Volutabrum blandior clibanus. Tabella thermae aggredior congregatio subvenio usitas theatrum considero.,1,2024-10-09 06:04:30.494
109,162,518,Derelinquo tactus spectaculum optio amita vallum decumbo vinculum denego aqua. Vilitas corrigo facere. Crapula depulso comburo sono cauda aer uterque.,3,2024-10-09 06:04:30.495
120,157,529,Paulatim sumptus callide coadunatio depopulo summa deduco. Super vere arguo doloribus. Excepturi vinum arceo autem cilicium libero armarium.,2,2024-10-09 06:04:30.495
121,146,518,Comparo cicuta demergo deprimo. Adhuc admoveo velut. Maiores accusantium consectetur cura vereor aggero vallum vos.,1,2024-10-09 06:04:30.495
114,148,512,Adversus civitas verecundia maiores adhaero cupio abbas aufero cui. Alioqui atrox amplexus conventus adeo absque sordeo. Ademptio vulgaris exercitationem victus confero dolorum cupiditate praesentium corroboro.,3,2024-10-09 06:04:30.494
113,154,513,Veritatis curo approbo sonitus adsum subito tepesco inventore quisquam versus. Pecco repellendus sunt. Officiis acquiro tamdiu delinquo nobis.,5,2024-10-09 06:04:30.494
122,154,510,Cedo pariatur ascisco voveo alter dedecor thema circumvenio mollitia culpa. Accusator suggero libero hic blanditiis dolorum aestas cariosus ultio ciminatio. Arbor corrumpo cilicium suffoco soleo curiositas arma.,1,2024-10-09 06:04:30.495
110,157,521,Blandior delego quisquam cunae porro utrimque adulescens. Delicate adimpleo sumptus. Calculus beatus absum caute candidus bellicus appositus uxor tremo.,5,2024-10-09 06:04:30.495
123,152,510,Caelum ultio basium iusto decor tempora sopor cohaero celo. Synagoga quam volubilis tui cornu. Soleo credo calco aiunt tepidus nisi dapifer architecto perferendis.,3,2024-10-09 06:04:30.495
124,148,533,Perspiciatis desparatus aveho unde depereo amissio dolor. Congregatio facilis molestias officiis animi denego amplus viduo. Tres vere aeger celer solio.,3,2024-10-09 06:04:30.495
125,148,544,Derelinquo delectus culpa vorago vetus tergeo. Cimentarius appositus somniculosus canonicus callide brevis. Acceptus verbum calco constans arguo viscus.,4,2024-10-09 06:04:30.495
112,148,522,Ducimus cubicularis vehemens ultio iure succurro laboriosam cena vulgaris. Utor doloribus voco paens terebro nostrum uredo acquiro. Impedit confero appono inventore.,5,2024-10-09 06:04:30.494
126,151,521,Voluptates eos administratio velum vilis arbor maxime bellum depromo. Sto cupressus usus approbo spiculum sumptus spoliatio. Circumvenio ademptio ancilla sonitus.,1,2024-10-09 06:04:30.495
116,155,512,Reiciendis statim vinco consuasor calco arma. Cubitum audio adstringo velit quibusdam spes. Cogo ventus aspicio calamitas alveus templum cariosus viriliter.,2,2024-10-09 06:04:30.494
127,153,547,Amor comparo cupio cariosus cognatus quod claudeo. Antepono arceo auctor civitas reprehenderit surgo concido distinctio. Peccatus arceo arca sperno nisi avarus sponte.,5,2024-10-09 06:04:30.495
111,162,511,Subseco caput non vigilo ago. Ullam adiuvo cubitum adulatio statua vomer terebro. Hic cauda atrocitas nemo ancilla quas clibanus baiulus umerus.,4,2024-10-09 06:04:30.493
128,162,554,Illum aperio patria thalassinus corpus crux. Theca corpus corroboro delibero necessitatibus patrocinor auditor cavus conventus conor. Stips veritatis cedo cogito solvo addo in apto assentator.,4,2024-10-09 06:04:30.495
129,153,554,Itaque accedo adsum capto territo ulterius sophismata. Reiciendis deleniti aliquam acerbitas titulus. Decor dolore barba ullam textor.,4,2024-10-09 06:04:30.495
118,159,513,Minus acies videlicet combibo aut apparatus. Tempore corrumpo solitudo sol rem. Decens canonicus laboriosam repellendus vitium capitulus animus bonus nam uter.,4,2024-10-09 06:04:30.495
130,149,560,Cerno curvo baiulus deficio decens adflicto clibanus alienus. Aegre audio tamquam coerceo hic. Tumultus tenax ocer.,3,2024-10-09 06:04:30.495
131,151,518,Una consuasor accusantium deleo delectus illum qui umbra volup voluptas. Corporis vobis arca bonus. Surgo adsidue thymbra bellicus comburo umbra adaugeo degero quisquam.,5,2024-10-09 06:04:30.495
132,158,516,Tener amitto audentia. Cura vigilo vivo at. Comprehendo excepturi reiciendis cunae spiculum acsi.,2,2024-10-09 06:04:30.495
133,157,514,Eligendi toties conatus veritas aureus. Vulticulus valde brevis. Adeptio reiciendis tubineus arbitro.,3,2024-10-09 06:04:30.495
134,152,514,Bestia alii cotidie celo crastinus aliqua quia. Contigo velum praesentium a cogito. Angelus casso tenetur cito subseco clamo.,4,2024-10-09 06:04:30.495
135,153,511,Suppellex comedo supra spiritus. Vulpes deleniti depulso ultio cupressus. Thema capillus adsum demoror autem tactus voluntarius.,4,2024-10-09 06:04:30.495
136,154,514,Delibero sed subvenio voluptatum officiis. Inflammatio alias atrocitas calco. Apto defungo traho defaeco cubitum sufficio.,1,2024-10-09 06:04:30.495
117,157,511,Cruciamentum suggero vorago cimentarius denique. Aperiam degero volva. Pax amissio voco.,4,2024-10-09 06:04:30.494
137,151,515,Utrum suadeo amo umerus adflicto capitulus coaegresco. Adimpleo cubo vestrum tam cogo anser. Cotidie defero conventus annus coniuratio.,4,2024-10-09 06:04:30.495
138,160,704,Contabesco curto deprimo. Cunae avarus magnam derelinquo ter cohors sapiente bellicus capitulus depopulo. Caries a vapulus ustilo voluptates adhuc sordeo bibo.,5,2024-10-09 06:04:30.504
139,152,704,Theologus carbo ulciscor vomito absum cribro curis accusator velum. Traho angulus tenuis custodia aegrus defaeco. Thesis benevolentia cunae socius acer velociter blanditiis currus cito.,1,2024-10-09 06:04:30.504
140,157,526,Cornu aliqua appono. Distinctio audentia adimpleo celebrer armarium. Abduco aegrotatio comparo celo animi.,5,2024-10-09 06:04:30.495
141,148,521,Defero demum thalassinus expedita. Caput adipisci aperte quod rem coma turba auxilium defetiscor inventore. Compello textilis certe.,1,2024-10-09 06:04:30.503
142,144,526,Vilis cognatus vulgus varietas. Conforto aperte crapula. Sustineo addo vitiosus ut pax stella absens ocer.,1,2024-10-09 06:04:30.498
143,146,524,Amoveo quo reprehenderit minima conor alii repudiandae. Spero utroque distinctio video valetudo. Abduco condico perferendis sophismata ademptio suggero vilis delectus talis timor.,2,2024-10-09 06:04:30.504
144,153,545,Patria comedo sulum maxime. Conicio colligo balbus cur. Averto sed compello despecto cupio tollo.,4,2024-10-09 06:04:30.504
150,150,589,Vito auctus bardus conduco amet audentia ascisco mollitia deputo. Desino credo numquam. Cattus via iure canis currus.,4,2024-10-09 06:04:30.504
157,151,587,Facere corroboro desolo amita stella. Denique curto patrocinor comptus deripio vinum asper aliquid sapiente super. Apostolus quo bestia caterva subvenio una crustulum.,3,2024-10-09 06:04:30.504
159,144,584,Denique omnis atqui suffragium advoco defungo ventosus ventus. Desipio ascisco architecto ceno audax. Totus conqueror talis.,5,2024-10-09 06:04:30.504
176,153,605,Ver vivo vulpes alius culpo repudiandae vulnero commodo. Debilito capto deorsum. Delibero defetiscor confugo.,3,2024-10-09 06:04:30.507
187,162,698,Utor suscipit comes arx deserunt. Brevis repellendus iusto auditor carpo titulus ante comedo cupiditas vomica. Aedificium viduo earum sunt delego defaeco vomica.,1,2024-10-09 06:04:30.507
200,145,700,Solutio tamdiu debitis beneficium crux provident uterque cornu. Adaugeo sumptus terminatio. Crepusculum confido capto ager aestas conforto tamquam desparatus aegrus turbo.,5,2024-10-09 06:04:30.508
212,155,549,Ullus impedit harum conicio decretum corrigo necessitatibus callide derideo terror. Auxilium rerum baiulus molestias temptatio deporto umerus dolorem coaegresco alii. Aetas varius theologus vinculum.,3,2024-10-09 06:04:30.508
222,153,579,Terminatio tenuis terra traho amet. Cubicularis umerus cotidie communis decimus virga commodo caelum ipsum. Venio delinquo victus.,1,2024-10-09 06:04:30.508
237,146,523,Sufficio defaeco vitium degero tremo natus adicio. Ademptio aptus cimentarius laboriosam suppellex articulus absorbeo hic beatae compello. Cuppedia confido aperiam modi.,3,2024-10-09 06:04:30.508
248,149,546,Talio hic casus dolorum. Substantia civis contra abeo concedo contego et labore. Adnuo ipsum degusto admoneo clibanus creator adiuvo coniuratio aegre temperantia.,3,2024-10-09 06:04:30.509
260,143,564,Solvo victoria adimpleo capto angustus admiratio adhaero cenaculum curtus. Audax surgo demitto abutor casus videlicet. Territo umbra iste appositus tergo utique unus cinis.,5,2024-10-09 06:04:30.509
275,148,551,Stips vorago venio adsum ars. Virga tepesco copiose convoco voluntarius sit audacia. Despecto subiungo adopto conspergo auxilium debeo textor anser.,4,2024-10-09 06:04:30.509
289,155,575,Cohibeo trado ascit curo. Veniam dolor perspiciatis uredo animus vinitor cresco. Viridis voluptatum bis aestivus sequi terga demitto benigne.,4,2024-10-09 06:04:30.510
303,162,615,Pauci ager cervus animi placeat. Necessitatibus amita nesciunt demens volubilis quia. Testimonium vulticulus absorbeo et aspernatur quisquam tero audentia.,2,2024-10-09 06:04:30.510
318,162,576,Alioqui in contigo corpus adstringo calamitas. Cito subseco aeger brevis viscus ademptio tres avarus strues terminatio. Vicinus iste adinventitias patria texo abbas turbo cupiditate uberrime.,3,2024-10-09 06:04:30.511
332,158,592,Demonstro subseco tepidus. Ciminatio caelestis volup adulatio amissio sunt sunt utique tego benevolentia. Tristis despecto aptus denuo desipio aegrus fugiat acer.,3,2024-10-09 06:04:30.511
340,160,598,Templum summisse at. Fuga angelus contra commemoro. Creta sapiente voluptas confido vado vobis.,5,2024-10-09 06:04:30.511
353,154,613,Capillus balbus expedita spoliatio audentia adfero illo correptius cauda thalassinus. Conforto voluptatem carpo advenio expedita crastinus. Viduo vesper viscus decor comis temptatio.,4,2024-10-09 06:04:30.511
365,148,581,Tardus valde vehemens tempora convoco ulterius trans. Repellendus conor velociter aqua venio tabernus xiphias eum aspernatur campana. Umbra vitiosus tubineus praesentium ascisco venustas allatus adstringo bene.,2,2024-10-09 06:04:30.511
377,157,646,Magni odit subvenio confugo autem tonsor. Cubo crustulum sollicito dolor certe adversus. Carpo aequitas explicabo coniecto.,5,2024-10-09 06:04:30.512
398,152,597,Audeo cunabula blanditiis aestus adopto id. Angelus quia absque. Cunctatio ver caveo cibo vulticulus acceptus vigilo.,3,2024-10-09 06:04:30.513
413,160,635,Triduana decens antiquus spiculum ulterius vesco talus tabgo amplexus libero. Textus spero desipio capto delego pauper theologus trans clementia vigilo. Vitium vicinus caritas absens aliquid vir tracto totus solium cena.,5,2024-10-09 06:04:30.513
427,159,639,Uredo dapifer repudiandae demergo quia vinitor denuncio turbo consequatur. Curia adiuvo conculco decretum tamisium urbanus adicio acer audax. Brevis vulgaris est nulla.,5,2024-10-09 06:04:30.514
437,150,631,Saepe inventore cito subnecto tubineus calamitas. Ultra carmen pax argentum validus stultus arguo aequitas creo. Charisma architecto ascit aequitas vis amo debitis thorax amitto.,5,2024-10-09 06:04:30.514
454,144,658,Statim calco architecto maiores caelestis solvo caries. Crudelis quos vicinus territo unde appello tametsi pectus. Aureus corroboro vero viridis vulariter appono omnis tamquam voco.,5,2024-10-09 06:04:30.514
467,148,656,Amplitudo aperio ago audentia atrox. Voveo uxor utrimque velociter confido velociter coepi tumultus. Vicissitudo alienus victus.,3,2024-10-09 06:04:30.517
472,155,659,Adsuesco aperio exercitationem coerceo tumultus pecus acer audeo corporis. Sint cupiditas cumque saepe audentia cuppedia cras decipio sophismata vorago. Aspicio adaugeo ademptio magnam admitto cimentarius thorax.,5,2024-10-09 06:04:30.517
486,154,672,Comitatus adstringo crepusculum canis cui aggredior repudiandae aveho. Conservo subseco tego denuncio deinde eaque. Tripudio accendo defungo ipsam caritas.,5,2024-10-09 06:04:30.518
502,148,681,Coadunatio cognomen viscus tamen quas una colligo. Adipiscor acer toties velit crebro atavus tamisium. Contra accommodo nemo clamo non tabula defleo arcus repudiandae arbustum.,5,2024-10-09 06:04:30.518
146,153,540,Coma toties barba fugiat volva tergum cruciamentum concido aegrotatio. Stipes arma utrum benigne administratio averto ventito amissio quia absum. Paulatim tendo esse aestivus tricesimus barba agnitio stips alveus adopto.,2,2024-10-09 06:04:30.504
161,145,599,Convoco utpote turba solus undique. Autem tergum coaegresco cognomen. Quidem stabilis aeternus ventosus aestus alter creptio.,1,2024-10-09 06:04:30.507
165,148,599,Tabesco cultellus canto viscus statim allatus delibero adamo tener abundans. Amaritudo beneficium aureus tergum adhuc. Verbera sperno apud.,2,2024-10-09 06:04:30.507
181,145,691,Statim altus trucido advenio tamen adamo coerceo. Temperantia reprehenderit doloremque. Usitas iure avarus derideo utpote vilitas.,3,2024-10-09 06:04:30.507
198,146,693,Tutamen exercitationem tego amo degusto comis. Avarus voro trans quisquam. Cohors tener delectus voluntarius vos.,5,2024-10-09 06:04:30.508
211,143,552,Subito suppellex apparatus conatus traho vobis approbo valeo cauda cubitum. Attero subito vaco adflicto subnecto thesaurus campana at. Dolore addo damno solus laudantium assumenda.,1,2024-10-09 06:04:30.508
225,149,517,Adfectus argumentum audio perspiciatis delego creator sophismata deduco. Aspernatur sollicito cultellus cariosus illum denique tamdiu turpis minus appono. Cito vel tot amo autus aeternus admitto odit.,5,2024-10-09 06:04:30.508
239,148,539,Crepusculum quae acquiro vulgo accedo abstergo beatae. Absque sapiente adimpleo. Autem ut terga baiulus uxor cursim caecus.,2,2024-10-09 06:04:30.508
268,151,570,Bellicus admoveo minus adsum solium. Nihil contabesco cras charisma aequus sponte. Cito ea cimentarius arcus.,2,2024-10-09 06:04:30.509
282,152,555,Acerbitas substantia creator voro antiquus velociter absorbeo odio vulnus cursus. Sub barba vorago cauda adficio tardus. Bestia vaco coniuratio.,1,2024-10-09 06:04:30.509
296,159,628,Viscus impedit comburo solum. Amplus dapifer virtus pecus aedificium sufficio canonicus. Asporto comparo voluptates quas custodia clarus considero sonitus.,1,2024-10-09 06:04:30.510
311,147,660,Sono numquam iusto tamdiu vulticulus adopto callide ager curatio. Cervus conspergo curto tepesco. Cognatus terminatio capillus aegrotatio calcar sodalitas vicinus una adeptio.,4,2024-10-09 06:04:30.510
321,155,648,Dedico absque angelus ager coadunatio aperte adulatio appello curso. Defluo tamquam catena aptus cauda umquam explicabo rerum eveniet. Carbo exercitationem considero adstringo adaugeo.,1,2024-10-09 06:04:30.511
326,154,578,Arcus suspendo autus. Callide vestigium urbs cubitum quia delectatio beatae sodalitas aedificium. Molestias crustulum usque statim adhuc rerum magnam agnosco apto vae.,5,2024-10-09 06:04:30.511
342,146,601,Conspergo vulpes cui. Repellat ut demonstro amaritudo xiphias certe thymum certus. Varietas adulescens animi iure spiculum eaque casus.,1,2024-10-09 06:04:30.511
356,155,619,Virtus viscus depopulo vereor conor veniam curatio decens terga conicio. Totam deserunt verecundia acsi. Vis articulus nemo amplus enim coniecto veritatis abduco substantia.,2,2024-10-09 06:04:30.511
369,145,602,Cultellus bis laudantium consequuntur sophismata tener totidem cunabula. Balbus abutor fugit bellicus cruciamentum corrumpo asper. Sint corroboro vestigium modi utroque abduco sponte atrox.,3,2024-10-09 06:04:30.511
378,158,646,Velut nisi acsi cohaero tener. Conscendo adopto tepidus. Textor debitis ventosus tersus earum teres vere adnuo verto possimus.,1,2024-10-09 06:04:30.512
390,148,597,Possimus copia dolor textor aeternus accusator consuasor villa caecus. Id substantia vito solus accusator curis. Cubicularis aperiam officia.,5,2024-10-09 06:04:30.513
403,150,610,Uxor spectaculum clamo placeat fuga derelinquo. Voluptate quaerat sponte atrocitas conculco tutis cado quam aperio. Umerus vociferor antiquus adicio necessitatibus spes dignissimos tepidus.,1,2024-10-09 06:04:30.513
416,153,623,Contego virgo defungo canis denego substantia veritatis rerum deinde pauci. Peccatus illum pariatur adsum. Umquam una administratio.,1,2024-10-09 06:04:30.514
429,148,647,Tandem aureus tabernus solus error. Tribuo collum qui aestas ultra damno in celebrer. Aufero absum advenio thermae paens clam facere succurro conicio cur.,1,2024-10-09 06:04:30.514
442,148,653,Nobis adeptio tamdiu deorsum caries admitto. Cognomen aveho ad hic vel. Demulceo tergiversatio adduco theca quos.,4,2024-10-09 06:04:30.514
455,161,654,Deficio sopor velum impedit arx subito odit calculus quod surculus. Celer dolorum ceno. Vobis sed pecto vilitas volup sonitus cubitum.,5,2024-10-09 06:04:30.514
458,155,665,Virtus arma pariatur terga cupio adsidue clibanus volup. Enim amoveo villa dedecor amissio. Defero vereor cauda conscendo solum reiciendis.,2,2024-10-09 06:04:30.516
481,162,666,Tripudio crux suus damno mollitia ipsa absum territo tenetur thesis. Virgo audax id atavus strenuus vespillo acsi. Adeptio terebro coma comparo demoror confido truculenter aptus solio decerno.,4,2024-10-09 06:04:30.518
491,159,676,Aliquid volutabrum quibusdam spectaculum defungo vivo vobis confugo cibus. Cimentarius clibanus defero campana rerum crastinus. Aedificium tibi adulatio.,3,2024-10-09 06:04:30.518
501,159,680,Calamitas umbra despecto magni. Dolorem annus sperno perspiciatis quia. Cribro voluptatibus sol aperio calamitas.,4,2024-10-09 06:04:30.518
149,145,589,Tego cura vix tutis comburo. Canonicus utroque attollo suspendo decretum beatus cibus arx angelus. Velit annus celebrer angelus tergum.,2,2024-10-09 06:04:30.504
160,153,587,Thesis tam arcus perferendis. Admitto correptius cattus toties adficio vigor vilitas turpis stella tempus. Verus commodi articulus terga compono curatio defessus bardus corroboro.,3,2024-10-09 06:04:30.506
171,146,699,Abbas vomer capillus facilis suus temeritas. Vitium arx crinis commodi cupressus ratione abeo. Ea circumvenio antiquus celo harum celer sumptus quaerat.,2,2024-10-09 06:04:30.507
183,161,696,Enim dapifer cupio textilis. Umquam voluptatibus laboriosam volva. Incidunt cras advoco suffragium suffoco arx quibusdam eligendi valetudo.,5,2024-10-09 06:04:30.507
199,143,700,Tremo absens vado neque tergum ver. Cur ambitus vae aro. Supellex contabesco debeo acquiro strues aqua.,2,2024-10-09 06:04:30.508
218,156,574,Tenetur laboriosam uxor cunctatio quos curto curia demum dapifer. Claustrum tredecim aufero. Victoria decor arcesso caelum.,1,2024-10-09 06:04:30.508
228,157,708,Omnis rerum architecto attonbitus arceo. Vitiosus vinculum demonstro averto aurum thymum. Vinculum curto creator suffragium templum odit consuasor attero conqueror.,2,2024-10-09 06:04:30.508
244,147,546,Curis voluptates super cunctatio decor. Hic tollo celebrer aperio pauci surgo suffragium desparatus asperiores somnus. Tutis iure nam vir censura stella demens cupio antea vulgo.,2,2024-10-09 06:04:30.509
257,159,556,Caveo virgo id. Truculenter civis tum avaritia argentum cometes adopto adstringo unde. Sumptus vitae crur.,2,2024-10-09 06:04:30.509
264,146,530,Video desipio adsuesco. Asper velut strues quia. Arcus vigilo amaritudo facilis sapiente compono vulgaris appello socius audeo.,3,2024-10-09 06:04:30.509
277,148,538,Despecto attollo amet solium cibo voveo vindico. Aer quo denuo chirographum est comminor defluo. Accusamus inventore ver derideo apparatus constans crinis pecus.,2,2024-10-09 06:04:30.509
280,144,558,Suppono consequatur cado antiquus ventito accusator coruscus adulescens. Exercitationem aegre bardus cunabula tamdiu aeger. Assumenda defleo aptus dens curriculum utor arbustum solus volup thesaurus.,4,2024-10-09 06:04:30.510
295,162,590,Quia textus minus temperantia culpa agnitio deficio ceno arca. Video cibus apparatus arceo cognomen defessus amo admoveo culpa. Cumque curatio deficio ullam compono apud creptio cuppedia congregatio conor.,5,2024-10-09 06:04:30.510
302,157,644,Calamitas cognomen creator sint modi theatrum beneficium cupiditas. Tumultus clementia arbustum uxor derideo ullus aperiam arcesso velociter. Amicitia trucido apto stips amplexus adicio.,2,2024-10-09 06:04:30.510
313,158,679,Uterque denique unus nisi. Confido coerceo voluptatem appello sed. Desino solvo ait cavus quam sortitus.,3,2024-10-09 06:04:30.511
330,148,582,Conduco cur supplanto deprimo vix. Perspiciatis spiculum corrigo crepusculum alter. Capio adicio deprecator vicinus.,4,2024-10-09 06:04:30.511
348,162,607,Carcer canis auditor spes summa aperiam auctor aufero. Cattus decet dens alo tenetur vulgo. Curso ancilla claustrum cervus degero decimus deputo deporto.,4,2024-10-09 06:04:30.511
359,156,619,Concedo ambulo comitatus ante calculus. Caries vilitas socius voveo. Ver volutabrum acies tepidus concido cilicium tredecim.,4,2024-10-09 06:04:30.511
372,161,622,Urbs ultra creta decretum voco commemoro canis. Ager testimonium facilis advenio virga. Umerus cumque vespillo non desparatus volutabrum causa virga.,3,2024-10-09 06:04:30.512
385,146,686,Torrens volubilis enim arma minus ocer repudiandae summa. Vix distinctio sto certus arma. Vomer ago voro.,1,2024-10-09 06:04:30.513
399,156,597,Fuga adimpleo beneficium sui aiunt illo dolor. Itaque et centum conturbo volutabrum capto ter. Apto temperantia aqua vinum quod tamen ipsum corrupti amiculum cicuta.,2,2024-10-09 06:04:30.513
408,147,620,Vix rerum canonicus strenuus nam. Tum catena veritatis vobis crepusculum debitis commodo aperte depopulo vomito. Comis vilis beatus adnuo clamo universe repellendus coruscus.,1,2024-10-09 06:04:30.513
417,157,623,Umerus demens quod. Vomito claro defessus ars rem compello. Alias civis ventosus.,4,2024-10-09 06:04:30.514
431,145,624,Solutio ad velit vestrum tyrannus alienus. Triumphus attollo sublime vester tremo alii. Textilis cupiditas abbas crudelis.,5,2024-10-09 06:04:30.514
443,148,638,Cribro benigne cupio dolorem territo delibero adfero tutis adduco. Antiquus quasi angulus contra vomer apto calamitas. Sit atqui necessitatibus clementia sopor conscendo uberrime claro.,3,2024-10-09 06:04:30.514
456,149,665,Conqueror carcer angustus damno surculus officiis caritas baiulus victoria coniecto. Optio attollo praesentium aetas callide thymbra. Summopere thalassinus acceptus alias candidus veritatis totidem utrimque torrens.,2,2024-10-09 06:04:30.514
466,150,645,Cupressus aliquam voluntarius decretum uberrime distinctio uxor pauper curo. Coepi ademptio distinctio bos titulus degenero. Tristis tener rem thermae quia accusamus alter tui cupio.,1,2024-10-09 06:04:30.516
474,154,657,Paens cohaero conforto desolo addo. Nam voluptatem audeo ager derideo alo adeptio dolorum. Crudelis arbor vulgivagus subito.,3,2024-10-09 06:04:30.517
489,162,672,Usus rem cura vobis conturbo id atqui ulterius. Surculus demulceo constans tenetur tardus suggero. Sursum canis complectus paulatim vesco clibanus admiratio umquam.,3,2024-10-09 06:04:30.518
154,156,591,Vis abutor xiphias stipes debitis strenuus demum vito. Saepe currus crudelis adflicto. Tutamen derideo conspergo cavus vicinus.,1,2024-10-09 06:04:30.504
163,157,587,Neque hic tyrannus adaugeo doloremque carus armarium. Theologus thesaurus cui cogo. Valde iure attollo tui.,5,2024-10-09 06:04:30.507
175,162,605,Accendo ventosus aptus vinitor ea enim. Molestias coruscus comprehendo cena cauda eius adiuvo torrens tandem. Angelus aperio caritas paens.,4,2024-10-09 06:04:30.507
188,157,701,Curia terebro despecto traho. Defluo vobis alius ex valeo laborum iure coruscus timidus conturbo. Cornu arbitro conatus.,3,2024-10-09 06:04:30.507
191,151,692,Crepusculum delibero pauper acer terreo voro confido adflicto valde caste. Acquiro ad vicissitudo comburo alveus aeger claudeo tendo tametsi vitae. Torqueo corporis corroboro.,4,2024-10-09 06:04:30.507
205,153,535,Audacia coruscus vis defleo tamen recusandae tyrannus apparatus carpo teres. Averto uxor vallum villa abstergo auctus comparo aggero repellendus. Consectetur angulus quod adopto decet vulgaris defero.,3,2024-10-09 06:04:30.508
214,149,557,Rem adamo damno terra cunctatio est cras theca. Ventus compono quis distinctio derideo defetiscor colo. Paens dicta trepide theologus cui auditor neque texo et congregatio.,3,2024-10-09 06:04:30.508
221,160,565,Ver deinde cras voro conturbo victus repellendus. Laborum thorax acquiro maiores acerbitas totam ocer avarus creptio. Comis somnus concedo cohors congregatio.,5,2024-10-09 06:04:30.508
235,153,532,Cervus vulpes sumo barba. Ulterius delicate admoneo subnecto sapiente cultellus substantia perspiciatis degenero. Tandem vulticulus altus deserunt tum eius coerceo ipsam repellendus auctor.,3,2024-10-09 06:04:30.508
246,159,541,Acervus pecco voluptates. Consuasor vomer repudiandae conduco delego adhuc est at vere. Ultio ocer vorax collum mollitia corrigo trucido vomica aeneus.,2,2024-10-09 06:04:30.509
258,158,564,Testimonium vox aperiam careo comminor toties amo. Ipsam velit sono demum tot debitis. Deludo taedium casus cubicularis cupressus architecto aurum.,4,2024-10-09 06:04:30.509
270,156,537,Nulla ultio argumentum. Virga blanditiis voluptatum una solvo aeternus cariosus. Aro verbera deleo.,4,2024-10-09 06:04:30.509
283,144,563,Odit natus acerbitas cuius degero. Beatus corroboro eum laudantium attero temporibus quis sulum. Eum velit circumvenio corporis celebrer.,4,2024-10-09 06:04:30.510
294,155,621,Mollitia solio peior conventus. Tondeo labore sperno cultura terebro aufero. Curatio animadverto decet credo assentator turpis sapiente.,4,2024-10-09 06:04:30.510
305,161,655,Auctus soleo succedo voro. Ipsa depulso impedit. Caterva amissio adhaero amitto cornu demergo.,2,2024-10-09 06:04:30.510
317,161,576,Deripio celebrer sub. Temptatio ultio tremo abbas tergo ademptio agnitio atrocitas. Possimus tredecim abscido vergo aestas patrocinor.,1,2024-10-09 06:04:30.511
333,157,585,Adopto modi verumtamen tergo. Ullus desino pecto aspernatur. Callide allatus beatae titulus tracto demergo audio.,2,2024-10-09 06:04:30.511
349,146,607,Demergo culpo rem aetas cursim adfero ver cunabula. Uter sophismata adopto. Valens necessitatibus una decor ventito uterque vesica valetudo.,3,2024-10-09 06:04:30.511
363,156,583,Quam demergo arcesso cruciamentum dapifer eum. Bos congregatio somniculosus vulnus denuo appello neque acquiro. Praesentium vereor subvenio.,4,2024-10-09 06:04:30.511
382,155,683,Thermae arma taedium. Cresco vomito dolore summopere. Tener cinis absque necessitatibus alter spero sollers accusator complectus.,3,2024-10-09 06:04:30.512
391,150,608,Sapiente corrumpo canonicus error agnitio pecus cariosus vigilo vinitor. Amo cibo quos vergo turpis. Coniecto corrigo tum territo vesica laboriosam.,4,2024-10-09 06:04:30.513
404,156,614,Admoveo abduco tracto. Antiquus aequus suspendo torrens. Termes absconditus velum thesis cunctatio consequatur crudelis amplus.,3,2024-10-09 06:04:30.513
420,157,627,Concedo aliquam cohaero arcus. Turba tollo antea acerbitas. Aequus ter sortitus collum subiungo conqueror laborum teneo volo.,1,2024-10-09 06:04:30.514
433,144,625,Utrum aetas cresco caterva consectetur confugo peior. Degusto clementia sui voluptas sustineo. Vaco speculum audacia.,4,2024-10-09 06:04:30.514
449,162,649,Cursim asporto combibo strenuus adsidue. Tolero fuga bellum. Terga capio ad apto color solutio verbum vespillo alioqui.,2,2024-10-09 06:04:30.514
464,159,687,Deleo commemoro vallum. Copiose cuius trucido decerno cuppedia thesaurus theologus cras sortitus. Tripudio chirographum comburo tego commemoro.,3,2024-10-09 06:04:30.516
478,155,673,Ut demitto caput comptus sodalitas trucido adflicto. Pauper amor valetudo stultus approbo viriliter arcus. Acsi alo eligendi tutamen carcer unus accusator admitto deinde.,5,2024-10-09 06:04:30.517
494,156,675,Candidus sumptus autem pauper cattus statim sequi vis absum excepturi. Sum vox votum balbus vel carbo crux angulus. Eaque callide quisquam solus dolor peior articulus volutabrum dens.,4,2024-10-09 06:04:30.518
156,144,707,Capitulus barba arma candidus decumbo carus stipes creo. Nulla nesciunt temporibus creator ultra ver. Adduco tabella tricesimus subseco.,4,2024-10-09 06:04:30.504
162,154,599,Ceno saepe abstergo mollitia bellicus adsidue. Conspergo cohors absum tunc. Aegrotatio circumvenio comburo amicitia amplitudo accusamus adversus.,4,2024-10-09 06:04:30.507
172,154,688,Terebro coerceo tenetur damnatio. Umquam constans aqua vado coaegresco numquam varietas surgo cubo utrum. Tutis vilicus voveo capillus.,2,2024-10-09 06:04:30.507
185,156,698,Denuo ab usitas verbera correptius administratio absque cursim copiose. Coepi facere accommodo curto tepesco studio ara abbas adfero agnosco. Terra creber vitae acies tredecim paulatim denuncio labore cavus denego.,2,2024-10-09 06:04:30.507
196,150,697,Cognatus deduco verus votum colligo velociter conqueror ceno. Cometes ratione virgo teneo desipio stipes consectetur. Incidunt eius voluptatibus.,2,2024-10-09 06:04:30.508
207,150,531,Uberrime conscendo dapifer aliqua. Vitium ad confido. Sub annus rem voluptas excepturi allatus omnis.,1,2024-10-09 06:04:30.508
220,154,571,Confugo vero cometes derideo caelestis. Correptius bibo ustilo correptius defaeco bene necessitatibus autus capio asperiores. Subseco attollo sophismata.,1,2024-10-09 06:04:30.508
231,156,525,Auctor carmen coadunatio adduco spiritus. Agnosco cursim autem eveniet audio vitae baiulus. Surculus architecto armarium eveniet tepidus peccatus conicio.,1,2024-10-09 06:04:30.508
236,149,539,Decretum venia tabernus anser coerceo votum sto sollicito. Dignissimos debitis deleniti sol argumentum acsi aliqua. Textilis sto talus cohibeo conservo caput cerno vito.,3,2024-10-09 06:04:30.508
250,146,546,Ventosus thema compello. Maxime eum deleo aestus culpo trado vilicus usque desparatus colligo. Cattus pecus quis peior aqua aufero aetas venustas adduco casso.,1,2024-10-09 06:04:30.509
263,146,536,Auctus usitas accedo advoco verbum. Talis solio curvo vulticulus defluo antiquus laboriosam debitis. Avaritia vos ater supplanto vero calco vita voluptatem dolores xiphias.,3,2024-10-09 06:04:30.509
272,153,538,Sordeo magni aqua consuasor. Apparatus commodi constans cornu demonstro adeptio crudelis aestus vir. Ubi crastinus sub repudiandae clementia ea abduco.,5,2024-10-09 06:04:30.509
285,161,563,Abstergo distinctio ultio centum acsi trepide defaeco blandior culpa. Comprehendo cavus angulus vito cogo iste. Blanditiis deficio reiciendis amo colligo amplus suggero adsidue bene tribuo.,2,2024-10-09 06:04:30.510
300,158,634,Bardus omnis triumphus substantia cultura. Cernuus denuncio asper clamo super at sulum. Delibero casus approbo acceptus delicate.,4,2024-10-09 06:04:30.510
304,160,660,Utroque exercitationem spiritus cura placeat amor utique cogo. Apostolus bellum ab vitium. Tredecim appello astrum tenetur enim spes.,4,2024-10-09 06:04:30.510
315,143,567,Deinde comes spectaculum. Tantum pax volaticus. Clarus admoneo arcesso adsidue vitium comis reprehenderit caste.,4,2024-10-09 06:04:30.511
338,146,573,Currus aliquid atqui ullus tremo utor decretum. Tantum spiculum xiphias et bellicus arcesso capio constans usque. Aduro magnam verbera est acidus.,3,2024-10-09 06:04:30.511
351,148,613,Sordeo suspendo bellum ars appono cognomen. Sui canto demens adhaero appositus. Vetus saepe commemoro.,2,2024-10-09 06:04:30.511
362,146,583,Atrox universe vulgus. Suscipit canto autem. Vulgaris sto currus chirographum asporto amita adfectus.,3,2024-10-09 06:04:30.511
375,155,629,Laborum reiciendis natus celer creta tametsi decimus. Combibo quidem amplexus studio decet pel aetas baiulus adsuesco. Quo vehemens ubi pauci coepi candidus.,3,2024-10-09 06:04:30.512
387,156,682,Tepesco tribuo aveho. Thymum vulnus doloremque. Avarus acervus viduo carcer.,5,2024-10-09 06:04:30.513
400,155,609,Convoco acsi perspiciatis. Trado valetudo volaticus solitudo tristis theca apostolus. Bibo ago tres fugiat depereo suscipit triduana umbra.,5,2024-10-09 06:04:30.513
415,148,623,Denuo adipisci pariatur attonbitus considero damno quos itaque theca. Sum debeo tot confido aeternus eum vorago. Accommodo caput id cupressus.,1,2024-10-09 06:04:30.513
422,151,632,Admoneo tertius caste socius nulla. Vivo alter appono volubilis alii. Auctus accommodo succedo animi.,4,2024-10-09 06:04:30.514
430,146,653,Arcus cognatus patrocinor beatus voluptates carcer officiis reiciendis vesper. Praesentium terebro stillicidium carmen artificiose sollers. Tumultus asper altus a maxime.,4,2024-10-09 06:04:30.514
445,148,637,Certe conatus pecto umbra aduro animadverto vesco illum arbustum. Ver taceo canonicus aro alo carmen distinctio aggredior peccatus. Ultra paens umquam quidem aequus verbera amita.,2,2024-10-09 06:04:30.514
460,147,687,Damnatio ipsa vestrum defendo conatus. Cometes acceptus umerus cotidie vacuus. Adflicto adopto nisi surgo.,4,2024-10-09 06:04:30.516
479,159,670,Uter conatus carcer admitto cometes facilis. Comparo vulgo auxilium terga. Vitae cunae contabesco cultura.,4,2024-10-09 06:04:30.517
485,156,671,Pauci thymum correptius sapiente victoria. Defungo peccatus barba comprehendo substantia antea ars vigilo dignissimos. Vis tabesco cohibeo sed.,1,2024-10-09 06:04:30.518
498,150,678,Pecco spectaculum consuasor tantum. Alter ex sollicito absconditus deleo asper adficio ante. Corpus conqueror voluptate ulterius defero confugo.,5,2024-10-09 06:04:30.518
153,143,596,Vita vulgaris ventosus aqua anser confugo virga. Sufficio argumentum crastinus vestigium cauda consequuntur tactus calcar curso. Tametsi occaecati repellat vulgus ratione.,1,2024-10-09 06:04:30.504
164,155,604,Tergum paulatim numquam curriculum laboriosam quaerat vitiosus admoveo. Sapiente pauci vix quidem saepe. Trucido caelum conitor vulgo.,1,2024-10-09 06:04:30.507
170,154,611,Tego uxor suscipio carus tondeo tempus. Officia tabella avaritia aspicio avarus vel turba. Adimpleo talus delectatio.,5,2024-10-09 06:04:30.507
182,147,694,Balbus neque harum natus decor adhaero defleo aestivus deserunt textus. Cibo appello sumptus patria cognomen auxilium amissio. Supra voveo tam defendo voluptas audio strues candidus termes alveus.,5,2024-10-09 06:04:30.507
194,144,693,Talus decet clibanus vox statim cotidie. Dedico omnis verecundia voco cuius venio terga turpis. Depopulo quis omnis cultura tero comptus decretum adaugeo fuga vox.,5,2024-10-09 06:04:30.508
208,151,549,Cunae demo vulpes viduo paens absque rerum astrum vulgivagus corpus. Stips vulnus tardus tabella stultus audax admitto volva bonus. Cruentus cicuta adduco sui abbas ademptio curo vix careo.,5,2024-10-09 06:04:30.508
226,157,517,Via demum neque minima solvo voluptatum denuo subnecto adduco tempora. Comprehendo infit uter creta cunctatio angustus aliquid cognomen. Solio defaeco accommodo cresco templum uberrime uxor caries barba.,2,2024-10-09 06:04:30.508
242,159,539,Curiositas ater adipisci capio vicinus complectus. Necessitatibus curia stabilis magnam alioqui. Tonsor substantia cum.,5,2024-10-09 06:04:30.508
255,154,556,Tero crustulum antea bis amor adfero aestas dapifer curo censura. Statua caelum soleo exercitationem. Maxime taedium fuga deserunt in desolo earum voluptas.,1,2024-10-09 06:04:30.509
266,158,528,Terebro facere bonus esse alias desidero peccatus soluta curatio cenaculum. Speculum tabgo torqueo solvo creo. Aro accedo auditor adicio bardus totidem.,3,2024-10-09 06:04:30.509
288,159,566,Depono canto acervus demulceo trans animadverto tamen delectatio. Super texo allatus canonicus depono adfero paens. Coniecto bos carmen.,4,2024-10-09 06:04:30.510
307,147,648,Capto blandior minus uxor. Aptus defaeco cubo officia enim. Copiose aggero natus aegrotatio numquam vos beatus defaeco.,2,2024-10-09 06:04:30.510
314,155,567,Dolorem altus soleo quis maiores error uter. Reprehenderit clam ager verbum amoveo sit deprecator deputo comminor ea. Tardus cubitum universe arbustum adamo quibusdam damnatio cupio sustineo.,1,2024-10-09 06:04:30.511
327,161,641,Sequi utique ver quae coerceo adimpleo vorago aedificium. Thorax utroque audax decipio. Vix adipiscor trado.,3,2024-10-09 06:04:30.511
341,159,601,Voluptate claustrum caelum admoveo angelus subiungo sophismata vergo totidem uter. Clibanus tutamen audacia. Caterva abutor aro triduana ancilla bellum pel cicuta.,5,2024-10-09 06:04:30.511
358,155,577,Abundans totidem ter ulciscor consuasor cumque utpote celo. Aliqua thymbra ea depereo valeo esse amitto. Vespillo stips nam.,1,2024-10-09 06:04:30.511
373,153,629,Commodo illo tabula spargo cornu iste tremo decretum bibo ustilo. Demens administratio iste currus victoria chirographum optio. Timidus conatus culpa coruscus antea termes deludo ex coruscus constans.,2,2024-10-09 06:04:30.512
383,156,683,Defungo civitas conqueror. Argentum undique cultura crebro autem. Adficio vir cursim.,1,2024-10-09 06:04:30.513
394,144,685,Copia demo campana condico vorago acsi adflicto uter ciminatio. Copia administratio tolero hic summopere stultus comitatus. Unde campana certe suus maiores.,2,2024-10-09 06:04:30.513
406,146,620,Volo sufficio voco thesis deorsum bellicus aranea dolore. Desidero depromo tres vel accusator voluntarius. Conor hic modi curatio tabella atavus dolores casso communis antiquus.,3,2024-10-09 06:04:30.513
421,146,632,Porro cubitum deprecator aperte ater virgo paulatim. Vesco curatio versus decens vinitor demens aegrotatio alveus ambitus. Utilis torqueo depono.,3,2024-10-09 06:04:30.514
441,143,631,Inflammatio thermae nemo ipsa sortitus atrocitas deficio communis considero tabesco. Ipsa admiratio suscipit concido. Magni consequatur creber tamisium auctus dedecor caute deprimo utroque ubi.,2,2024-10-09 06:04:30.514
448,148,642,Conqueror veniam tamen unde. Aestas tabesco aiunt alveus aufero. Turpis cetera ducimus corporis tempore bis corona vulgivagus vigilo.,3,2024-10-09 06:04:30.514
459,145,650,Sub suppellex a cruciamentum derideo annus aeternus decimus vacuus. Perspiciatis cito dolor ubi voluptatum vesper. Vita amitto teres tondeo.,5,2024-10-09 06:04:30.516
484,160,671,Cito alienus reiciendis cunctatio ex cum summopere. Suasoria atavus comptus. Conspergo totidem libero adeptio coruscus amplexus adeo veniam.,3,2024-10-09 06:04:30.518
492,157,674,Communis cupio texo adflicto certe adaugeo repellat provident possimus. Claro triduana pauci spargo defaeco tardus absorbeo solvo. Vigilo fugit patior tepidus cuppedia.,3,2024-10-09 06:04:30.518
499,151,675,Valde canis venia temperantia. Decumbo tametsi adulescens. Statua demens provident utor admoneo dignissimos defungo.,3,2024-10-09 06:04:30.518
151,145,595,Ratione cilicium sonitus contigo convoco. Degusto appello artificiose nobis copiose depromo veritatis aduro expedita maxime. Succurro deficio uredo ustulo.,5,2024-10-09 06:04:30.504
168,155,611,Vallum spero amita commodo conculco asper cimentarius validus abstergo. Conatus velit titulus officiis articulus aduro. Varius caritas delinquo credo antepono vester stabilis decet quam.,3,2024-10-09 06:04:30.507
179,156,690,Illo arto vapulus perferendis magni aggredior tolero demo. Confido voluptate surculus. Corrigo assumenda copiose conturbo complectus utique capio desparatus.,3,2024-10-09 06:04:30.507
192,144,695,Degenero summisse concido paulatim ustulo. Sit exercitationem comedo condico aeneus communis derideo inflammatio terebro. Vomer sto voluptate vilitas ventito ustilo coruscus.,4,2024-10-09 06:04:30.508
204,155,531,Peior praesentium decretum ullus aestivus tyrannus. Accusantium est patrocinor adicio beatae vicissitudo totus conculco deprimo. Cognomen thema aro uxor decretum vilis termes thesis iusto.,4,2024-10-09 06:04:30.508
213,148,552,Tondeo celebrer urbanus tripudio cunae auctus delicate. Nihil corona pecus desolo uxor crux benevolentia cervus. Bis crudelis calamitas cunctatio.,2,2024-10-09 06:04:30.508
223,143,571,Voluntarius creo advenio conspergo. Celebrer cibo curiositas cibo vereor vespillo. Celo cultura stultus colo amet absorbeo.,1,2024-10-09 06:04:30.508
234,155,525,Deleo aetas stips undique. Strenuus ea spes decor degusto cedo volva. Quae bonus abutor sophismata altus aetas.,2,2024-10-09 06:04:30.508
251,160,534,Cilicium candidus acies aegrus. Cado cado cado ocer thalassinus censura. Thema tenetur attonbitus tribuo angelus.,5,2024-10-09 06:04:30.509
265,146,569,Tabernus auctus angulus spes sophismata caelestis pecto aperio. Aliquid voluptatum desidero. Sit vociferor qui correptius suffoco soluta.,1,2024-10-09 06:04:30.509
284,160,558,Ullam concido ars. Sperno vulnero adinventitias. Aliquid communis excepturi cibo aequitas.,1,2024-10-09 06:04:30.510
293,148,615,Consuasor corporis sub textilis correptius barba apud voco. Congregatio argentum fugit adversus tunc a doloremque clarus ante. Absque voluptatem curtus aspernatur solium.,2,2024-10-09 06:04:30.510
309,159,679,Ventosus decet stabilis uberrime. Aliquid ocer accusantium hic. Crux summopere vox accusamus stultus condico cotidie alo.,3,2024-10-09 06:04:30.510
322,157,576,Viduo toties pauper aequitas adulescens cupiditate vulticulus amor cado. Itaque ancilla verbera acerbitas dapifer blanditiis appello socius solum. Delibero armarium textor arto vaco summopere curso.,3,2024-10-09 06:04:30.511
334,158,593,Bestia circumvenio clarus modi numquam arx totam. Spes video totam cubitum corpus barba corporis cultura. Paulatim annus debitis admiratio pectus angelus.,3,2024-10-09 06:04:30.511
343,161,598,Dignissimos a brevis cometes modi audax stillicidium eum. Collum appello vito acidus antepono ambitus at compello cur. Sopor speciosus tepesco accusantium congregatio apto comparo suppono numquam.,2,2024-10-09 06:04:30.511
357,144,619,A speciosus cernuus. Ad dolor vitae corporis tamquam. Victoria pecto uxor solio colo alius adipisci.,3,2024-10-09 06:04:30.511
371,156,602,Tertius decor atqui bos. Avaritia suggero textor vilitas deputo succurro fugiat suppellex alius. Traho cetera abundans utor valens auctor earum comptus video.,2,2024-10-09 06:04:30.512
388,152,682,Ustulo compello earum toties defungo utrimque ustulo tenus desolo. In repellat surgo defaeco corrupti delibero abbas corroboro aeger. Suus ascit amoveo cumque thema abeo campana caput decet.,2,2024-10-09 06:04:30.513
392,151,685,Thymbra nihil benigne adsum ara viscus. Bos adduco civitas verecundia valens aestus. Suspendo comparo aetas combibo charisma tergum solutio timidus stella confugo.,1,2024-10-09 06:04:30.513
405,150,609,Auctor arbor aperiam curis tergeo adnuo. Abeo tumultus voluptates repellendus delectatio accedo acsi laudantium demoror. Usus surculus cupiditate vallum tergiversatio autem traho.,2,2024-10-09 06:04:30.513
419,159,624,Video avarus acerbitas vita vapulus vigilo subnecto victus vehemens. Sol vitium cicuta confero complectus. Vapulus aspernatur torrens caute vilitas pauper facere illum.,1,2024-10-09 06:04:30.514
432,155,653,Tendo desipio bonus amet territo clam ducimus acsi. Aufero colligo canonicus demum unde tollo. Veritas corporis volutabrum solum umerus.,1,2024-10-09 06:04:30.514
446,153,638,Talio cogo somnus valde ter succurro cresco utor corrumpo carmen. Depulso terminatio adflicto accusamus delectus varius vespillo. Cotidie totidem vomer auxilium deprecator aro strenuus.,5,2024-10-09 06:04:30.514
461,144,645,Turba vulariter ciminatio peccatus thymbra dedecor attonbitus umquam. Thorax degenero thymum amoveo volo. Vaco aperte tantum uter territo thema timor cuius.,2,2024-10-09 06:04:30.516
476,155,668,Argentum alienus tergo corona commemoro spero. Ait deorsum sequi supra calco pax tepidus fugit. Cavus peccatus illo conspergo vivo cariosus defluo cibo voro.,5,2024-10-09 06:04:30.517
490,145,674,Vulgo deserunt solvo chirographum unde ubi. Venustas umerus tabesco sufficio copiose denique pauci. Voro benigne cena corrigo bellum deserunt absens distinctio.,1,2024-10-09 06:04:30.518
503,144,676,Ustulo adipiscor verecundia abundans ancilla abstergo avaritia dapifer undique incidunt. Cimentarius cursim ante repellendus solum ter vox degusto verbum enim. Sed consequuntur terra clamo congregatio stella varius conculco.,2,2024-10-09 06:04:30.518
158,155,707,Ducimus atavus cupressus concedo accommodo aggredior decimus ago. Tribuo angelus sustineo suppellex solitudo. Tenetur supellex magnam.,2,2024-10-09 06:04:30.504
167,153,604,Auctus depraedor condico. Alienus considero admoneo tubineus. Tutamen corrumpo delectus arbor delinquo possimus bis vehemens urbanus.,5,2024-10-09 06:04:30.507
186,145,698,Tutamen debeo commodi. Abutor iste repellendus advoco textus depulso compono vociferor substantia. Capto aestivus assumenda suffoco uberrime ager deorsum.,4,2024-10-09 06:04:30.507
197,154,695,Comitatus campana tempus absens accommodo comitatus theologus. Deleniti valens uberrime itaque. Aggero labore viduo.,4,2024-10-09 06:04:30.508
210,160,703,Appositus talio arx. Sum venio verto volubilis tabesco magni auditor. Adversus soleo adulescens curvo auxilium aedificium currus terga triumphus nobis.,4,2024-10-09 06:04:30.508
224,152,579,Animadverto vinum toties acerbitas conitor debilito totidem audio considero. Cubicularis amoveo vinculum cervus vulnero aestivus testimonium. Tener amor usus quaerat.,2,2024-10-09 06:04:30.508
238,156,534,Sol antiquus tam usus virga corporis vos. Adeo aperiam argumentum cauda patior suspendo. Cohors patior expedita tui apparatus templum aperte clam summa.,3,2024-10-09 06:04:30.508
247,149,559,Spiritus adulescens triumphus certe casus abduco sto velum. Convoco antepono benigne adversus. Utrum voluptatibus advenio temeritas vulgo.,4,2024-10-09 06:04:30.509
262,153,572,Testimonium ago canto adaugeo. Sum aestas cenaculum amiculum beatae adfero. Sum tempore spargo videlicet.,3,2024-10-09 06:04:30.509
274,158,550,Desparatus stultus via demoror toties asperiores curriculum. Considero altus vix strenuus aggredior temptatio consectetur defleo aeneus thymbra. Voluptates ventosus tempora tripudio vesper tergeo amiculum vesper ago.,3,2024-10-09 06:04:30.509
287,161,562,Solvo cetera minima xiphias sequi curatio. Aureus angustus coma victoria spiritus. Voro libero vacuus testimonium theca minima delibero ratione conculco.,3,2024-10-09 06:04:30.510
299,153,621,Perferendis currus solio quaerat. Sursum desolo vulticulus. Baiulus tibi cunae confero cogo minus curvo tenuis avaritia.,3,2024-10-09 06:04:30.510
323,144,669,Sed curiositas repellendus cubicularis eveniet. Deporto bestia deprimo vulgivagus facilis adsidue. Officia ambitus synagoga certe argumentum abeo.,1,2024-10-09 06:04:30.511
335,157,593,Optio cupressus vomer vito sui vacuus. Ver cimentarius supra sequi aegre ad. Tendo cetera compono ager viduo timor vomica.,3,2024-10-09 06:04:30.511
345,146,606,Acceptus catena conforto casus vulgo succurro alioqui. Comprehendo delectus usus solitudo. Cui pel depraedor molestias aegrus doloribus statim convoco comburo.,5,2024-10-09 06:04:30.511
360,161,581,Amplitudo vesco constans. Confido incidunt damnatio quod defetiscor tabesco adduco necessitatibus verbum cupressus. Defero conscendo advenio carus.,2,2024-10-09 06:04:30.511
374,161,629,Suppellex terga vicinus virga commodo sollers bellum. Placeat deputo vigilo decet veritatis tego sto. Viridis exercitationem credo crastinus aliquid sequi solvo.,1,2024-10-09 06:04:30.512
380,144,683,Corrupti depraedor sponte conatus aliqua sto. Terga beatae viduo amiculum administratio tenus aequus. Admoneo subiungo sumo aedificium antepono terreo demens vindico.,2,2024-10-09 06:04:30.512
401,146,608,Aestas defendo quos coma excepturi capto utroque vereor constans. Contra thema accommodo vinco spargo varietas temptatio vere. Omnis cicuta comis textus voveo totus quos maiores.,2,2024-10-09 06:04:30.513
409,149,617,Admiratio fuga alter debitis triumphus causa caput comminor deputo aestus. Vaco nobis maxime. Culpa statim sollicito sit vulgivagus vinitor velociter.,1,2024-10-09 06:04:30.513
423,144,636,Spiritus derideo comes infit. Abutor congregatio infit colo tabernus necessitatibus suggero. Distinctio dedecor soleo vorax admoneo voro adsuesco decretum tergum crudelis.,1,2024-10-09 06:04:30.514
440,161,638,Caritas amet studio. Abbas contra voro delibero demoror coruscus textor autus ventus vitium. Vel cito molestiae thalassinus vigilo.,3,2024-10-09 06:04:30.514
450,146,643,Calculus aggero amo assentator alioqui caute aggredior vulnero rem sollers. Amitto annus crinis incidunt animi qui tumultus. Adversus amaritudo audacia assentator summa.,3,2024-10-09 06:04:30.514
462,148,651,Altus suppellex saepe torrens. Curia validus arbor optio. Stillicidium desipio amplitudo argentum timor voluptate.,1,2024-10-09 06:04:30.516
475,159,657,Adamo demum conculco tot. Vapulus cohibeo credo varietas cura surculus ceno facere cenaculum. Nisi possimus versus neque calcar.,5,2024-10-09 06:04:30.517
496,161,677,Usque ciminatio pel agnosco umbra approbo decipio demitto laboriosam. Virtus nobis complectus desparatus infit vix sunt consectetur vester. Solum corroboro volo sopor coruscus sortitus vinitor tenetur talis.,2,2024-10-09 06:04:30.518
145,158,543,Tametsi quis alter aveho tam tyrannus tam eaque abscido surculus. Eos spectaculum fugiat consectetur dedecor pauci vilis suscipit cognomen. Dolores tondeo cibo comminor vigor contego.,4,2024-10-09 06:04:30.504
169,161,611,Quaerat molestiae architecto. Ulterius tepidus causa. Despecto sollicito arbustum coniuratio umbra sonitus virga callide quaerat tricesimus.,5,2024-10-09 06:04:30.507
180,148,694,Crastinus ventosus virgo videlicet. Avarus amplus cupio communis ciminatio viriliter deinde tum culpa. Velut praesentium vinitor.,2,2024-10-09 06:04:30.507
202,158,702,Volaticus ventito apparatus caterva subnecto depopulo curvo vinculum. Atavus sapiente conspergo. Tredecim amissio deprimo celebrer depromo atque summisse claro minus ex.,4,2024-10-09 06:04:30.508
216,153,571,Campana bellicus tot crustulum despecto. Virgo molestiae crustulum tam vae atrocitas eaque blanditiis. Solium summopere talio arceo concedo acsi.,1,2024-10-09 06:04:30.508
233,152,517,Vicinus correptius strenuus umerus campana aro aperte. Suppellex crudelis adhuc studio vulpes eius. Speculum cattus cur itaque spero talio totus cado.,2,2024-10-09 06:04:30.508
245,146,542,Incidunt valeo abutor capillus. Sponte adicio cunae. Decumbo calculus contego laborum culpo.,3,2024-10-09 06:04:30.509
256,161,569,Damnatio antepono varietas facilis aveho amet. Cras dapifer uterque omnis odio deorsum coruscus theologus vester. Caelestis cohibeo nemo statua delicate adfectus.,2,2024-10-09 06:04:30.509
267,144,536,Clementia depereo vapulus cimentarius quo ager possimus trado. Thorax cohaero bellum dolore artificiose tener. Capitulus atrocitas acies coniuratio qui sumptus quaerat cado alius vilicus.,1,2024-10-09 06:04:30.509
278,154,555,Benevolentia approbo volva verto amplexus sequi damnatio culpa sequi argentum. Carmen usque spoliatio at spes cibo custodia paulatim averto. Comis aufero articulus.,5,2024-10-09 06:04:30.509
290,153,580,Dicta cognatus blanditiis uxor cursus quia coadunatio. Adamo demum testimonium decretum textus. Vilitas consequuntur collum architecto correptius expedita uberrime apostolus.,4,2024-10-09 06:04:30.510
301,148,628,Audacia depereo tres ventosus deludo concedo. Antepono aduro surculus alius vehemens tripudio tabula tamdiu alo. Accusantium vicissitudo statim credo adnuo tripudio stultus sperno ter.,4,2024-10-09 06:04:30.510
312,147,679,Aliquam vulgo censura mollitia. Patrocinor tutamen acceptus amplus claro ex arca incidunt admoveo. Summisse spectaculum temptatio conor synagoga alter vobis vetus.,3,2024-10-09 06:04:30.511
325,152,628,Tonsor territo valetudo adficio adflicto distinctio. Vero consequatur absconditus amiculum degenero cado texo. Nisi itaque tendo vilitas thalassinus decimus calamitas victus.,1,2024-10-09 06:04:30.511
336,143,594,Deleniti subseco cubo tergiversatio cilicium demulceo tametsi universe. Tabesco odit vesper adipisci subseco acsi certus ipsam credo. Vaco sursum cavus animi capillus.,1,2024-10-09 06:04:30.511
346,155,607,Demulceo aggero neque uberrime aqua ex. Nostrum cohibeo admiratio vesco tum. Tibi eius sol certus canto est inflammatio adstringo.,3,2024-10-09 06:04:30.511
361,160,581,Eaque turbo ater decumbo. Surgo ante acer pectus. Creta utrimque vespillo sustineo.,1,2024-10-09 06:04:30.511
368,158,588,Abscido depromo tepidus xiphias voveo. Appello sursum bibo thorax solum thermae baiulus crustulum quam cura. Approbo agnosco debilito ars.,1,2024-10-09 06:04:30.511
384,148,686,Ulciscor turbo sophismata crebro cubicularis vix adulatio. Cariosus sono antepono. Deleo amissio tristis cuius contigo creber strenuus.,5,2024-10-09 06:04:30.513
396,157,608,Canis deduco angulus. Amita succurro accommodo torrens argumentum. Cubo cur enim crudelis.,2,2024-10-09 06:04:30.513
414,155,617,Surgo tepidus cotidie. Eligendi audacia aegrotatio debilito. Atrox admiratio decipio deripio conduco sunt vorago.,5,2024-10-09 06:04:30.513
428,162,647,Acies advenio textus tabula doloribus quos solus repudiandae teneo. Aeneus capitulus cohaero vallum aiunt benevolentia ea depopulo congregatio paens. Beatae triumphus sufficio calculus articulus ascisco.,2,2024-10-09 06:04:30.514
436,148,626,Tabernus supellex cras tempus abutor altus. Vulgaris tripudio quod casso defendo ad cotidie denego cursim adhaero. Delinquo conitor thorax abeo sum territo.,5,2024-10-09 06:04:30.514
444,150,642,Temporibus cunabula derelinquo. Copia audeo audeo titulus. Balbus claro tres.,1,2024-10-09 06:04:30.514
457,161,663,Theatrum impedit adficio in. Abeo odit carus abscido conventus tenetur autus degero vallum coniuratio. Statua ambitus celo certe quod cometes crur averto.,5,2024-10-09 06:04:30.514
470,147,656,Cruciamentum tandem arca nulla enim atavus suscipit coniecto. Calculus abduco apparatus censura delectatio clibanus doloremque. Depono confugo deorsum adficio depopulo pariatur curis alienus.,4,2024-10-09 06:04:30.517
482,150,673,Velum abundans crastinus tum. Adflicto antepono porro amicitia uterque. Delibero acceptus cruciamentum confido terminatio ullam tabesco aeternus.,3,2024-10-09 06:04:30.517
497,145,676,Comprehendo una sollicito cedo earum ciminatio cunabula abundans. Casus comis celo aliquid defessus. Ulterius sto tenetur adamo suus vitae pauci desipio tabella enim.,4,2024-10-09 06:04:30.518
152,155,705,Varius villa defero debilito circumvenio bis. Colo sum autem. Studio vulnus comparo ullus sto quas.,3,2024-10-09 06:04:30.504
166,157,605,Cauda agnitio appositus. Collum officia victoria agnitio coepi tutis versus nulla ut quas. Conatus excepturi possimus versus traho terminatio tutamen abscido.,1,2024-10-09 06:04:30.507
184,147,706,Animi utilis arcus sol sperno tepesco. Molestiae cernuus aetas cognatus asperiores. Amoveo colo et.,1,2024-10-09 06:04:30.507
195,145,693,Paens tertius vigilo alienus tego impedit suffragium videlicet caelum error. Laudantium decimus assentator solium vilis iure. Sequi virgo copia caelestis validus.,2,2024-10-09 06:04:30.508
206,143,535,Nihil trado bestia fugiat deinde quo alias eius. Suppono appositus ventito conventus libero combibo culpa viridis amet copiose. Traho fuga voveo curtus.,5,2024-10-09 06:04:30.508
219,161,574,Decor depereo patruus vis titulus solitudo vester cornu. Id unus vacuus cursim crinis velit. Altus combibo thesis studio sumo molestias thesaurus omnis vester.,1,2024-10-09 06:04:30.508
232,149,523,Dignissimos inflammatio ratione demoror. Numquam caveo cilicium cubicularis civitas theca solium corona necessitatibus articulus. Quam approbo tersus ait arcus tabesco tabgo.,4,2024-10-09 06:04:30.508
254,159,569,Tribuo aequus esse. Reprehenderit patruus sint conservo arma cultura atque spargo timor. Nesciunt termes taceo adfectus decet abeo ullam.,3,2024-10-09 06:04:30.509
269,154,527,Aut adhuc doloribus facere illum cicuta. Traho amissio civitas clementia veritas ex truculenter. Quisquam ustilo arto quisquam beatae aeternus avaritia territo calculus triduana.,3,2024-10-09 06:04:30.509
281,151,562,Certe desparatus incidunt vallum amitto quod dolores aptus. Addo candidus consequuntur veritas thorax acervus quaerat spero id. Hic tenetur coruscus curia adhaero natus.,5,2024-10-09 06:04:30.510
292,151,580,Solvo sollicito absque vehemens abbas combibo amo aut. Trans modi natus. Crux sopor temptatio.,4,2024-10-09 06:04:30.510
306,159,648,Depereo corrupti tutamen animus. Vulgus clarus tabula tolero victus validus defungo laboriosam vox truculenter. Desidero utroque antea subvenio debeo centum.,4,2024-10-09 06:04:30.510
319,148,578,Cubitum ver vinum capitulus crux amplus tener stillicidium caelestis timidus. Adicio capto decens vindico dolores dolor cras aqua. Suscipit sequi dedico apto thesaurus volaticus torqueo.,3,2024-10-09 06:04:30.511
328,149,578,Tonsor verus tero odit ventosus calco. Dolorem maxime valens undique. Turpis arca cauda versus adopto tero constans.,4,2024-10-09 06:04:30.511
350,161,613,Tyrannus amo repellendus adimpleo architecto demulceo aiunt crapula. Adimpleo quas exercitationem adduco. Saepe sint velit.,2,2024-10-09 06:04:30.511
367,161,586,Crepusculum aspicio surgo viduo tardus est sperno magni. Crebro sordeo amaritudo tergiversatio confido. Decor dedico circumvenio maiores.,4,2024-10-09 06:04:30.511
379,155,640,Sequi itaque subvenio adiuvo viriliter. Acervus caterva debilito contra tantillus adversus inflammatio saepe teres. Crastinus eaque suspendo thesaurus quae.,5,2024-10-09 06:04:30.512
397,146,600,Solum admitto supellex volup aer confugo contra cohibeo succedo veniam. Triduana autem totam. Aptus civis tenuis.,5,2024-10-09 06:04:30.513
410,162,635,Alias audeo derideo deleniti. Argentum laboriosam somnus. Omnis valens acsi aperiam.,2,2024-10-09 06:04:30.513
424,154,624,Sub pax triduana adduco. Derelinquo casso correptius adulatio thesis tantillus. Denique confugo sunt tantillus debeo stips.,3,2024-10-09 06:04:30.514
438,151,630,Sto avaritia aspicio spiritus tibi facere urbanus amitto. Ex crapula calcar. Atrox considero vobis aureus amaritudo succedo adstringo cunabula suscipio cohibeo.,2,2024-10-09 06:04:30.514
451,159,650,Voro perspiciatis absorbeo aer decumbo vel tamen asperiores sordeo. Patruus curatio vulticulus nulla cupiditas aro contabesco ascisco demonstro. Annus hic magni rem.,5,2024-10-09 06:04:30.514
465,156,665,Absque damno decor adnuo subiungo cultellus capillus anser quidem. Delectus adeo sophismata aut cupiditate turba cresco depromo cavus turpis. Adversus venustas valeo tamdiu clementia vomito administratio sunt caritas doloribus.,3,2024-10-09 06:04:30.516
471,146,657,Torrens defessus aperte voluptates. Atrocitas arma beneficium aetas vereor agnosco. Vos benigne sonitus attollo depulso tunc.,2,2024-10-09 06:04:30.517
483,148,667,Curo derideo bos depromo suppono stultus amplitudo copia. Impedit carus bene. Thymbra vetus similique civis eligendi canis.,1,2024-10-09 06:04:30.518
493,156,677,Defleo vociferor a bene architecto patruus. Aequus talio pel statua causa ascit quae tandem maiores attero. Aspernatur vulgus commemoro aurum clamo arcus admoveo.,4,2024-10-09 06:04:30.518
148,156,545,Tolero contra ad theatrum verumtamen ventosus. Asperiores vociferor temeritas vulnero ullus colo tristis. Vinco officia solvo.,3,2024-10-09 06:04:30.504
173,159,689,Beneficium vicinus amiculum tutamen doloremque temperantia hic statim causa. Ante commemoro suffragium adimpleo. Corona tamisium libero occaecati.,1,2024-10-09 06:04:30.507
178,153,688,Enim sui tabgo sumptus vorago. Tum vinum tero territo acer. Appello calco termes triduana charisma vociferor comburo alii supellex.,2,2024-10-09 06:04:30.507
193,147,692,Crustulum aeternus vulgus itaque assentator suggero beneficium decipio arcesso. Supellex adeo alveus conduco conor solus cerno absum. Nulla decens deinde urbs ara volo caritas quam trepide.,2,2024-10-09 06:04:30.507
215,161,557,Coniecto ago sursum possimus aranea conventus conspergo ascit defero. Talis quidem vivo cavus dapifer laborum. Adficio qui thermae autus sufficio fugiat sortitus.,3,2024-10-09 06:04:30.508
230,150,525,Alias adsidue adimpleo. Suscipio demulceo vallum beneficium aduro desolo timor teres ulterius. Illo crebro sublime adopto triduana molestias.,1,2024-10-09 06:04:30.508
241,160,532,Usque quisquam corporis correptius et tenus volubilis blanditiis. Sollicito culpo itaque basium culpa tum ustulo. Cresco ater considero cognatus sperno somnus uxor toties dolorum.,1,2024-10-09 06:04:30.508
253,157,553,Cursus titulus creta cicuta apparatus bardus. Aranea spargo eius damno. Solutio concedo tamisium.,1,2024-10-09 06:04:30.509
271,143,548,Volup celer canto tamen vito. Aiunt deorsum tabella turba sponte antea doloremque cerno vester. Synagoga distinctio sperno vulgaris depono traho sunt tubineus umquam.,1,2024-10-09 06:04:30.509
279,147,555,Substantia consuasor argumentum amor tredecim ventito paens earum suus. Subito curis cedo aufero sto. Aequitas cursus soleo impedit reprehenderit.,3,2024-10-09 06:04:30.509
291,144,621,Careo quia adaugeo cribro coadunatio deinde. Conatus umquam chirographum spiculum desolo celebrer. Civis callide tepesco conspergo tumultus asporto aeneus denego somniculosus.,1,2024-10-09 06:04:30.510
308,144,664,Brevis capio magnam maiores tametsi venio. Tempore corona ter. Cubo audax inflammatio damnatio volva.,5,2024-10-09 06:04:30.511
316,145,568,Angustus adiuvo cum audio coniuratio caritas sub amplexus commodo. Aliqua crux solus vulnus. Vel antea quidem totus corrigo acidus temporibus demonstro argumentum.,5,2024-10-09 06:04:30.511
329,154,585,Velut tam vomito nisi ipsa vos delego creo tollo aestivus. Sordeo sustineo depopulo. Decet tener sol ventosus repellat sumo alioqui voluptates explicabo ullus.,1,2024-10-09 06:04:30.511
339,145,594,Vox praesentium maiores. Coniecto blandior suus. Bardus demitto creator uberrime tripudio aro suppono sulum conturbo.,4,2024-10-09 06:04:30.511
354,152,618,Deduco tantum curiositas temptatio toties quisquam audacia venio. Vomer aestivus contigo contego architecto spargo aer reiciendis. Vita perferendis candidus abscido tot patruus eius alius patria.,1,2024-10-09 06:04:30.511
364,148,586,Ventosus somnus veniam comparo conitor. Claudeo volup abutor canis crudelis summa ratione urbanus consuasor. Agnitio patria adicio.,2,2024-10-09 06:04:30.511
381,149,633,Crudelis labore distinctio vito adfectus aestivus cui tepidus triduana. Deprimo abutor taedium deprecator facilis tollo. Audio vesco uxor tergiversatio aequus ventito utrimque cenaculum validus decimus.,1,2024-10-09 06:04:30.512
393,144,603,Rerum colo tubineus conculco voluptate talio. Dignissimos cruentus demens caterva alioqui. Colligo dolor absens cornu contigo summisse adsidue.,2,2024-10-09 06:04:30.513
412,161,610,Careo pariatur animi spiritus recusandae. Crudelis valeo capillus bestia. Auctor numquam sufficio alias theatrum suus accommodo aveho aspicio tibi.,3,2024-10-09 06:04:30.513
425,161,639,Urbanus magni tergeo cena eligendi vapulus aegre ulterius. Arceo esse tabesco recusandae vobis comptus soluta. Conforto subseco dens.,3,2024-10-09 06:04:30.514
434,143,625,Adfectus hic nostrum vel amiculum tepesco. Aranea abstergo viridis corrupti uterque taedium occaecati vilis demulceo ventito. Pectus aranea modi torqueo decretum enim est cenaculum solutio allatus.,4,2024-10-09 06:04:30.514
447,145,643,Bis cresco verecundia tripudio hic desparatus vir ancilla. Vox certus dedico caries. Synagoga quia aureus facilis.,3,2024-10-09 06:04:30.514
463,159,652,Vir appono crepusculum deserunt strues. Certe trucido delicate vulariter modi fuga compello utpote non. Tantum vita damnatio dolore vergo culpa tamisium.,2,2024-10-09 06:04:30.516
473,158,661,Balbus utrum deprecator usus curia stabilis tondeo aufero speculum. Alioqui admiratio spiculum odit accendo consuasor audentia caveo. Eligendi vorax voveo ante depulso quidem summa currus.,3,2024-10-09 06:04:30.517
487,149,671,Tonsor valde iure caritas degenero cui timor thesis desino venio. Strenuus cinis ambulo adnuo tripudio utrimque. Turbo bibo calculus mollitia patior auditor cura odit.,1,2024-10-09 06:04:30.518
147,162,589,Tergo commemoro communis vaco id curtus curiositas. Tamisium paens capillus ulterius ultio victoria. Censura adsuesco carbo.,5,2024-10-09 06:04:30.504
174,144,689,Beneficium apparatus vorago. Cupiditas conturbo alveus impedit subito curo. Vicinus cunabula tempus assentator carcer socius alius abscido veniam utilis.,5,2024-10-09 06:04:30.507
190,143,701,Vinitor cribro ab absum aufero adfero nobis absorbeo dedico. Casus demens calco conscendo. Sol nostrum abeo absque aer contigo crepusculum tres cruentus adiuvo.,1,2024-10-09 06:04:30.507
203,161,702,Aer ante asporto acceptus desidero adicio. Comedo utilis ipsa desipio. Ater sordeo aranea.,3,2024-10-09 06:04:30.508
217,158,557,Agnosco caecus socius amoveo tergeo demum sub decerno decumbo. Pecus corpus pecus dolor aggero trans speculum baiulus subiungo. Stella sordeo cado decimus aperio adficio adinventitias.,2,2024-10-09 06:04:30.508
229,160,519,Vado artificiose tamquam alius ventus. Colo velut verbum creator aveho. Cursim venustas aro deleo conturbo.,3,2024-10-09 06:04:30.508
243,148,534,Admiratio fugit argentum coaegresco coepi. Barba turba auditor curis conduco aduro tristis delicate. Allatus absorbeo cultellus cerno viduo auctus.,3,2024-10-09 06:04:30.508
249,151,561,Patria substantia totidem. Causa rerum socius. Tutis vociferor tergiversatio suscipio barba ambulo.,5,2024-10-09 06:04:30.509
261,149,530,Urbs talis perferendis conforto deporto. Tempora capitulus tactus cohors dapifer adulatio. Ocer decet cupiditas aspicio.,4,2024-10-09 06:04:30.509
276,149,550,Brevis aeternus curto communis blanditiis audacia voluptates. Arceo adopto vomica quos iste statua exercitationem conventus. Cras aegre ustulo tot aegre canis ocer solio ciminatio.,4,2024-10-09 06:04:30.509
286,157,551,Concido molestias careo. Ullam suasoria adipisci. Statim averto praesentium cinis versus coniuratio veritas vado.,1,2024-10-09 06:04:30.509
298,143,634,Tabula utique avaritia decerno coerceo odit laborum cunctatio thymbra occaecati. Cito dolorum depereo vinum veniam ascit valde chirographum teres. Utpote valens armarium maiores venia.,2,2024-10-09 06:04:30.510
310,154,567,Aeger comprehendo subiungo capio vicissitudo accedo caterva nulla celebrer correptius. Quibusdam aedificium arca stultus defendo verbum anser vigilo magnam amaritudo. Circumvenio studio adeo censura ustilo talio ademptio adficio volva termes.,5,2024-10-09 06:04:30.511
320,159,568,Canonicus strenuus speciosus usitas convoco aegre patrocinor clementia vesica ater. Verbum clarus utroque solus vel ascit thorax tabesco atavus. Agnitio contigo spoliatio iste recusandae acidus sto adamo.,3,2024-10-09 06:04:30.511
331,152,585,Cum solutio carmen curtus claudeo nihil. Crinis curia adiuvo cupressus temeritas infit aperio attero universe cedo. Complectus cito audeo alter debitis vox deleo ea.,4,2024-10-09 06:04:30.511
347,147,612,Ratione suppellex quas stipes vos rem. Comitatus voveo magni delectus delinquo degero. Doloribus sperno vulnus attonbitus adsum.,2,2024-10-09 06:04:30.511
352,156,616,Timor sol arcesso approbo vicissitudo deficio. Eum angelus commemoro est consuasor cribro placeat. Charisma canto aspicio cur usus somnus callide debilito depromo.,2,2024-10-09 06:04:30.511
366,162,586,Arca abduco acidus defluo. Vallum cupressus decor alo ad pecco confero molestias conqueror vicinus. Caveo cotidie ascit perferendis valeo perferendis.,1,2024-10-09 06:04:30.511
376,160,633,Talis absorbeo corrupti creptio sopor deserunt. Demum deduco aro. Tredecim repudiandae vesco caveo odit tondeo avaritia ambitus creptio.,2,2024-10-09 06:04:30.512
389,161,684,Commodi vere admoneo amplus clementia perferendis ara alii talio creo. Antepono volutabrum succurro delectus commodi tantillus. Alii animadverto vivo soleo.,5,2024-10-09 06:04:30.513
402,144,609,Benevolentia adinventitias adiuvo auxilium tum patrocinor valeo curatio tonsor sumptus. Textor validus optio magni ager crapula. Adhaero auctus strues curis.,2,2024-10-09 06:04:30.513
411,154,635,Arceo volaticus acies alienus quaerat quam thymum tollo cruentus caries. Cibus clamo sophismata cupiditas statua. Statim despecto caste considero curto deporto clamo valde.,4,2024-10-09 06:04:30.513
426,148,639,Agnosco aer texo aestus arbitro comis. Termes abduco cotidie spes demonstro. Conduco contabesco et spectaculum.,2,2024-10-09 06:04:30.514
439,157,630,Aperte deprimo porro tres audio vigilo arbustum ullus. Usitas curatio nobis. Adsidue decerno tutamen.,5,2024-10-09 06:04:30.514
452,160,643,Vis atrocitas adstringo custodia barba anser. Conduco denego aggredior ab arcus minus corona. Appello at viduo spero maiores adaugeo laborum eos.,4,2024-10-09 06:04:30.514
468,162,662,Conduco somniculosus quisquam curia pecus agnitio. Delibero defetiscor arbitro capitulus id cohors certus caries ademptio natus. Ambitus repellendus volutabrum arto minima.,4,2024-10-09 06:04:30.517
480,162,670,Impedit vesica crastinus adhaero audeo eaque volup assentator accusator. Cursim tergum pariatur velut. Hic demo ab cui id voluptate vis caelum patruus.,5,2024-10-09 06:04:30.517
495,161,672,Beatae testimonium villa necessitatibus aestivus suppono quas amo adopto. Suus adsum ut conitor aliquam. Stabilis placeat admoveo.,1,2024-10-09 06:04:30.518
155,153,707,Cetera pectus ab torqueo. Arceo alius damno verecundia clarus vis comptus ultio uberrime. Tendo solitudo tot alveus artificiose.,3,2024-10-09 06:04:30.504
177,152,688,Balbus voluptates quibusdam illum theatrum. Comitatus pariatur ancilla totidem turbo. Denuo conventus patrocinor addo.,3,2024-10-09 06:04:30.507
189,161,706,Conservo amor volva. Repellendus celer viriliter comptus quo cumque despecto tero quidem thalassinus. Temporibus supplanto veniam antiquus adstringo sponte texo tracto.,4,2024-10-09 06:04:30.507
201,143,702,Tenax maiores agnosco aqua aer. Combibo ademptio tripudio voluntarius laboriosam crur est compono animadverto. Victus beatae ambulo tondeo tergiversatio vinco benevolentia temperantia currus.,3,2024-10-09 06:04:30.508
209,156,552,Contego ea curtus subvenio arca tersus amor arcus. Voluntarius optio aperte decipio sono. Synagoga at ab.,3,2024-10-09 06:04:30.508
227,143,579,Tendo amissio caste laboriosam tamdiu praesentium tolero argumentum. Thorax anser delego sophismata cupio pecto summisse. Subvenio arx urbanus abundans aduro summopere delego trepide.,5,2024-10-09 06:04:30.508
240,147,542,Vulariter carus tollo vereor adficio. Correptius theologus somnus volaticus virgo soluta. Civitas desparatus amplexus cupio tredecim desipio taceo armarium.,4,2024-10-09 06:04:30.508
252,160,561,Porro canis subito. Strues depraedor tutamen utroque ipsa theca tenax cras. Aufero spiritus denuo.,2,2024-10-09 06:04:30.509
259,162,570,Solutio alias testimonium deduco maxime sonitus summa quos defleo. Eaque sopor cuius approbo convoco deleo verto arto. Conatus cogito ipsam venio apparatus velut dolor verumtamen super.,5,2024-10-09 06:04:30.509
273,149,537,Aurum iure cornu. Fugiat urbs tenuis pectus suffragium uterque defleo deporto voro. Arx velit comburo compono denique civitas aqua ventito aeger.,2,2024-10-09 06:04:30.509
297,162,566,Denuo arceo sunt aureus decens quos spiritus. Vobis careo cupio tamen currus coepi cavus. Vito agnitio thalassinus similique abbas ver varius dolorum.,2,2024-10-09 06:04:30.510
324,146,655,Cras praesentium similique. Templum bibo vilitas ambitus tenetur aduro auctor modi. Utilis advenio absque caterva.,5,2024-10-09 06:04:30.510
337,149,594,Decipio convoco occaecati acceptus arma curatio vester annus sonitus casso. Neque vitiosus quae venio adnuo uberrime adipiscor uredo armarium eligendi. Angustus confugo ipsa corpus color aqua tabula accusantium thesaurus.,5,2024-10-09 06:04:30.511
344,154,601,Aer sulum supra theca callide conventus aggredior timidus corroboro. Totam adhaero vae aperte. Sono carmen crapula turbo adulatio.,2,2024-10-09 06:04:30.511
355,146,616,Admiratio angulus dens. Aeternus cohors vis vitae consectetur. Cometes aliquam denego vae.,2,2024-10-09 06:04:30.511
370,161,602,Volo vallum vestrum totam. Advoco officia synagoga delectus stipes pel. Timidus calcar suppono vulgivagus odio vindico copiose appositus varius.,1,2024-10-09 06:04:30.511
386,150,686,Ratione viduo cetera dicta. Calamitas vae vilitas sollers vulticulus conventus vitae tutis spero. Tardus corrigo tollo vito vere tubineus.,3,2024-10-09 06:04:30.513
395,144,684,Vulgaris placeat officiis optio. Ustilo deinde solvo titulus clarus curia avaritia curatio derideo. Demergo desparatus versus cito.,5,2024-10-09 06:04:30.513
407,147,617,Cognatus adinventitias copiose ut volubilis curtus ciminatio. Cum temptatio sono ait timor baiulus recusandae. Canto abundans impedit collum fugit.,2,2024-10-09 06:04:30.513
418,148,627,Civis termes attero crapula somnus. Triduana temperantia vulgo utpote verbera velut tergum aurum. Convoco magni consectetur teres blanditiis coma aestus comprehendo.,5,2024-10-09 06:04:30.514
435,155,625,Vulariter comedo clamo vita abstergo atrocitas acerbitas cornu. Ab error cometes deprimo appono terror vere corrumpo dignissimos occaecati. Avaritia quos pecto veniam conqueror deprecator ultio assentator.,5,2024-10-09 06:04:30.514
453,150,654,Vulpes tredecim virga antepono tempora. Curatio repellendus aperiam vilis in capio talis eligendi confugo assumenda. Expedita deduco soleo vivo cornu confido volubilis.,1,2024-10-09 06:04:30.514
469,144,656,Claro ipsa ante usus. Versus quos itaque voluptates theca dicta despecto. Turbo vitae subvenio tam communis varius vos.,5,2024-10-09 06:04:30.517
477,146,670,Laudantium nulla adulatio acies ara agnosco tenus spiritus. Deputo teres altus laudantium demens explicabo alienus aeger odit. Quos vaco delectus.,5,2024-10-09 06:04:30.517
488,143,666,Tribuo reprehenderit cumque deludo enim deprimo amaritudo adsidue candidus advenio. Subito quae vestigium. Accendo demens toties excepturi veritatis umerus antea ventosus delectus praesentium.,4,2024-10-09 06:04:30.518
500,145,680,Arcesso contigo voluptas. Ver victus repellendus denique terror necessitatibus natus libero crur conforto. Deputo ustilo vomica thalassinus censura curtus vinum cariosus aggero.,5,2024-10-09 06:04:30.518
